id,first_name,last_name,email,gender,ssn
1,Idalina,Vondrak,,Female,561-85-3125
2,Lani,Baukham,lbaukham1@bandcamp.com,Female,869-11-2698
3,Keely,Charte,,Female,852-38-2952
4,Major,Furlow,,Male,210-37-3404
5,Alyda,Lippatt,alippatt4@aboutads.info,Female,280-80-7488
6,Ingaberg,Dugue,,Female,103-33-7655
7,Si,Slixby,sslixby6@discovery.com,Male,331-15-9470
8,Jeanne,Magnay,,Female,176-32-8990
9,Rebbecca,Gathercole,,Non-binary,489-80-2345
10,King,Minguet,,Male,526-40-5845
11,Zacharia,Mathys,zmathysa@merriam-webster.com,Male,587-13-9700
12,Adams,Pinkney,,Male,493-66-8692
13,Germaine,Barnsdall,gbarnsdallc@globo.com,Male,808-20-3754
14,Durward,Watting,dwattingd@1688.com,Bigender,496-11-5571
15,Jonah,McAlinden,,Male,709-83-5550
16,Kania,Werndly,kwerndlyf@4shared.com,Female,515-56-6004
17,Louella,Bloxam,lbloxamg@cisco.com,Female,814-59-1140
18,Reynolds,Muirden,rmuirdenh@guardian.co.uk,Male,712-58-7436
19,Sheelagh,Broadey,sbroadeyi@bravesites.com,Female,617-98-6688
20,Simonette,Fulger,sfulgerj@ehow.com,Female,796-29-2855
21,Shaylyn,Brende,sbrendek@google.com.au,Female,814-43-6928
22,Cullen,Djorvic,cdjorvicl@infoseek.co.jp,Male,446-37-2104
23,Yvette,Sansam,ysansamm@kickstarter.com,Female,806-29-2409
24,Olva,Laundon,,Female,169-69-6037
25,Gian,Raynor,graynoro@mtv.com,Male,202-11-3086
26,Ashlen,Andriveaux,aandriveauxp@house.gov,,580-41-1510
27,Frank,Pane,,Male,761-45-4309
28,Rance,Stedson,rstedsonr@comsenz.com,Male,786-17-7788
29,Britte,Zukerman,,Female,867-26-6116
30,Lesley,Toffolo,,Male,313-80-7771
31,Feliks,Lambal,flambalu@jiathis.com,Male,679-45-8771
32,Lorita,Gormally,,Female,668-41-5844
33,Josselyn,Bilton,jbiltonw@youku.com,Female,221-38-3161
34,Kiah,How,khowx@arizona.edu,Female,320-45-5037
35,Sullivan,Blonden,sblondeny@telegraph.co.uk,Male,743-40-8913
36,James,Swancock,jswancockz@zimbio.com,Male,654-60-4590
37,Jay,Hampton,jhampton10@wikia.com,Male,387-33-2200
38,Caren,Waddell,cwaddell11@weibo.com,Agender,512-26-1654
39,Vikki,Pero,vpero12@usda.gov,Female,345-42-8661
40,Claudette,Ruppertz,,Female,885-37-1276
41,Alys,Hubbard,ahubbard14@google.com.br,Female,507-91-5041
42,Saw,Pea,spea15@webs.com,Agender,870-54-4400
43,Delphinia,Belford,dbelford16@xing.com,Female,793-77-4349
44,Karla,Domelow,kdomelow17@amazonaws.com,Female,798-08-7351
45,Rhodie,Micheu,,Female,738-52-6848
46,Freeland,Wallace,fwallace19@com.com,Male,179-99-7536
47,Nicolina,Ottawell,nottawell1a@sphinn.com,Female,325-11-9651
48,Harriette,Shobbrook,hshobbrook1b@posterous.com,Female,749-77-6667
49,Finlay,Roalfe,,Male,483-55-4381
50,Molly,Artis,martis1d@eepurl.com,Genderqueer,595-42-5585
51,Pooh,Giraudy,,Male,729-77-1602
52,Phyllis,Orehead,porehead1f@independent.co.uk,Female,798-20-6177
53,Julienne,Rosser,jrosser1g@squidoo.com,Female,620-51-9264
54,Jordain,Totman,jtotman1h@devhub.com,Female,174-10-8593
55,Klarrisa,Ridings,kridings1i@ftc.gov,Female,619-38-4911
56,Montgomery,Turtle,,Male,460-95-0745
57,Bentley,Terrington,bterrington1k@creativecommons.org,Male,827-71-6366
58,Gar,Edgett,gedgett1l@macromedia.com,Male,142-56-1332
59,Jennilee,Atto,jatto1m@1und1.de,,760-13-9361
60,Cynthie,Loody,cloody1n@arstechnica.com,Female,884-99-2803
61,Ophelie,McGowan,,Agender,726-52-4559
62,April,Willgoose,,Female,426-68-1272
63,Pat,Loy,ploy1q@opera.com,Female,338-74-7504
64,Mirabella,Newvill,mnewvill1r@scribd.com,Female,134-22-2890
65,Cindie,MacParlan,cmacparlan1s@baidu.com,,792-62-4758
66,Fanny,Lincke,flincke1t@nyu.edu,Genderqueer,150-10-7183
67,Tucker,Padley,,Polygender,207-83-4852
68,Ibbie,Sidle,isidle1v@plala.or.jp,Female,872-89-3725
69,Lucio,Van Dijk,lvandijk1w@weather.com,Male,572-90-8827
70,Elliot,Theurer,etheurer1x@businesswire.com,Male,280-13-2171
71,Holli,Laughrey,hlaughrey1y@businesswire.com,Female,288-03-2175
72,Florida,Ellwell,fellwell1z@wsj.com,Female,463-49-5495
73,Alfonso,Floch,,Male,622-91-3105
74,Korry,Tailby,,Female,520-57-5860
75,Ingemar,Gemlett,igemlett22@delicious.com,,110-74-8596
76,Adda,Shrieve,ashrieve23@gnu.org,Female,732-59-6192
77,Cristian,Van Hesteren,cvanhesteren24@wordpress.com,Male,650-25-4516
78,Kermy,Stilgoe,kstilgoe25@java.com,Bigender,556-62-0141
79,Freddie,Pancast,fpancast26@huffingtonpost.com,Female,739-84-4186
80,Estelle,Boraston,eboraston27@youku.com,Female,503-59-3438
81,Thorny,Pichmann,tpichmann28@arstechnica.com,Male,565-85-0790
82,Kalle,Peetermann,kpeetermann29@vimeo.com,,220-82-8715
83,Ilise,Steagall,isteagall2a@phoca.cz,Female,697-08-1893
84,Bowie,Medling,,Male,787-06-8058
85,Steward,Goude,sgoude2c@example.com,Male,577-43-2361
86,Bert,Stockin,bstockin2d@barnesandnoble.com,Female,226-45-8344
87,Konstanze,Compfort,kcompfort2e@topsy.com,Female,696-22-2775
88,Glen,Foulis,gfoulis2f@businessweek.com,Female,269-89-5235
89,Bourke,McAllan,bmcallan2g@diigo.com,Male,776-31-4185
90,Milzie,Jowers,mjowers2h@disqus.com,Female,830-29-0145
91,Dwain,Abbots,dabbots2i@apple.com,Male,742-97-4638
92,Amil,Kunc,akunc2j@jiathis.com,Female,187-12-6158
93,Ezmeralda,Haimes,ehaimes2k@ocn.ne.jp,Female,531-38-7150
94,Aldric,Vedeshkin,avedeshkin2l@adobe.com,Male,812-14-3605
95,Lucilia,Mathissen,lmathissen2m@wikia.com,Female,681-92-5446
96,Darline,Eisold,deisold2n@nationalgeographic.com,Female,776-07-7298
97,Harmonie,Watsham,hwatsham2o@hud.gov,Female,205-53-7473
98,Mickie,Basire,mbasire2p@pen.io,Female,603-32-1585
99,Eduard,Chesshyre,echesshyre2q@usa.gov,Male,732-80-0739
100,Odetta,Snadden,,Female,832-56-9615
101,Brose,Felder,bfelder2s@columbia.edu,Male,876-12-9859
102,Stacy,Houchen,shouchen2t@arizona.edu,Female,589-99-2226
103,Agustin,Petrus,apetrus2u@163.com,Male,272-25-9636
104,Ceciley,Gillice,,Female,719-61-4268
105,Hastie,Kilgrew,,,191-06-6174
106,Robby,Poge,,Male,602-25-2782
107,Gladys,Pedycan,gpedycan2y@a8.net,Female,784-50-6355
108,Bart,Dorkens,bdorkens2z@ox.ac.uk,Male,702-92-6813
109,Trenton,Petschelt,tpetschelt30@prlog.org,Male,732-84-0386
110,Lynda,Connell,,Genderqueer,851-06-5369
111,Isidoro,Tenbrug,itenbrug32@angelfire.com,Male,348-39-4760
112,Noni,Ivy,nivy33@examiner.com,Female,836-33-9428
113,Adella,Buck,abuck34@google.ru,Female,287-41-4632
114,Codie,Icke,,Male,597-59-2448
115,Joey,Green,jgreen36@accuweather.com,Male,452-85-8129
116,Gilles,Catchpole,gcatchpole37@pen.io,Male,676-80-0642
117,Pierson,Wash,pwash38@posterous.com,Male,605-38-7668
118,Philippe,Dawby,pdawby39@howstuffworks.com,Female,671-34-0109
119,Dusty,Rothera,drothera3a@exblog.jp,Female,139-52-2104
120,Trudie,Arton,tarton3b@webnode.com,Female,226-49-7984
121,Esmeralda,Denisyev,edenisyev3c@unicef.org,Female,571-28-0862
122,Kelsey,Gregine,,Female,174-43-8801
123,Wallis,Tewes,wtewes3e@shinystat.com,Male,463-31-6433
124,Emelita,Boutcher,eboutcher3f@wikipedia.org,Female,749-33-1506
125,Avivah,Preece,apreece3g@mapquest.com,Female,477-99-3261
126,Martin,Montgomery,mmontgomery3h@google.co.uk,Male,699-60-8197
127,Wells,Corrett,wcorrett3i@1688.com,Male,243-85-6400
128,Borden,Tomes,btomes3j@boston.com,Male,110-53-6577
129,Viviyan,Imrie,vimrie3k@google.com.hk,Female,689-70-2402
130,Nikolas,Wisham,,Male,488-98-9897
131,Tiffy,Garn,tgarn3m@xinhuanet.com,Female,466-30-6500
132,Gris,Brok,gbrok3n@cyberchimps.com,Male,363-74-3191
133,Meggi,Hourihan,mhourihan3o@e-recht24.de,Female,460-36-7021
134,Rose,Itzakson,ritzakson3p@newyorker.com,Female,401-44-2454
135,Lorilee,Grossier,lgrossier3q@ted.com,Bigender,753-47-3612
136,Noelani,Devennie,ndevennie3r@toplist.cz,Female,526-15-4832
137,Lura,Daws,ldaws3s@sciencedaily.com,Female,640-57-9603
138,Aura,Jeschner,,Female,631-56-0540
139,Reta,Hebron,,Female,432-79-0005
140,Amber,Duggon,aduggon3v@blogs.com,Female,661-28-1223
141,Court,Sutherley,csutherley3w@com.com,Male,832-18-5263
142,Nichole,Clifft,nclifft3x@gmpg.org,Male,518-97-5247
143,Yancey,Jambrozek,yjambrozek3y@blogs.com,Male,400-79-6993
144,Brunhilde,Holborn,bholborn3z@utexas.edu,Female,247-68-7693
145,Hazel,Persitt,hpersitt40@mit.edu,Male,831-82-5596
146,Gun,Howley,ghowley41@php.net,Male,832-97-8939
147,Hashim,MacKnight,,,227-46-7053
148,Annice,Steers,asteers43@google.com.au,Female,181-95-2320
149,Shaine,McLuckie,smcluckie44@nydailynews.com,Male,262-92-4260
150,George,Mayhead,gmayhead45@baidu.com,Female,288-23-2632
151,Stormy,Bennike,sbennike46@alexa.com,Female,358-01-1978
152,Magdalena,Bradberry,mbradberry47@com.com,Female,169-64-9355
153,Keefe,Macconaghy,kmacconaghy48@microsoft.com,Male,834-88-2925
154,Ozzy,Welling,owelling49@freewebs.com,Male,476-24-0836
155,Enrika,Rojel,erojel4a@usa.gov,Female,634-75-6988
156,Mame,Holcroft,mholcroft4b@51.la,Female,511-44-3445
157,Jock,Hortop,jhortop4c@google.de,Agender,372-23-1287
158,Preston,Frodsham,pfrodsham4d@huffingtonpost.com,Male,149-20-9642
159,Hanni,Vina,,Female,785-60-9814
160,Erek,Dreigher,,Male,843-08-7424
161,Hayden,Titterrell,htitterrell4g@trellian.com,Male,895-80-2728
162,Abbe,Havard,,Male,505-95-9418
163,Marrilee,Dumphy,mdumphy4i@arstechnica.com,,578-05-9819
164,Fredek,Gorrissen,,Male,660-19-2977
165,Archie,Gershom,agershom4k@ed.gov,Male,723-83-0777
166,Tuckie,Huxter,,Male,311-33-5809
167,Aubrey,Masserel,amasserel4m@lulu.com,Male,831-25-4671
168,Laurianne,Marrow,lmarrow4n@mozilla.com,Female,707-65-4083
169,Brien,Kintzel,bkintzel4o@icio.us,Male,203-28-4662
170,Erica,Buckle,,Female,577-43-0022
171,Genia,O'Dougherty,,Female,771-72-6817
172,Barrie,Lissandre,blissandre4r@php.net,Male,698-03-2818
173,Rainer,Sawford,rsawford4s@sohu.com,Male,643-52-0643
174,Fowler,Urvoy,furvoy4t@artisteer.com,Male,582-88-5547
175,Nikoletta,Legerwood,nlegerwood4u@msu.edu,Polygender,765-25-0177
176,Darelle,Tonkes,dtonkes4v@google.com,Female,610-12-5232
177,Frederic,Fortnon,,Male,623-88-3191
178,Stan,Wakeley,swakeley4x@washingtonpost.com,Male,169-70-3491
179,Stirling,Eastlake,,Male,880-60-0431
180,Bo,Philipet,,Male,872-48-6837
181,Elvyn,Brandt,,Male,831-29-8768
182,Othella,Gorry,ogorry51@adobe.com,Female,883-35-7698
183,Bertine,Linklater,blinklater52@g.co,Polygender,110-28-2879
184,Ingamar,Phelit,iphelit53@homestead.com,Male,884-50-7796
185,Dani,Gaffon,dgaffon54@miibeian.gov.cn,Male,256-11-2895
186,Frannie,Carman,fcarman55@economist.com,Agender,312-80-0514
187,Carmine,Stoner,cstoner56@forbes.com,Female,805-07-3139
188,Korry,Pieters,kpieters57@wsj.com,,219-51-4468
189,Kile,Slatford,kslatford58@taobao.com,Genderqueer,654-27-7644
190,George,Pieper,,,260-39-4363
191,Patrizia,Cowton,pcowton5a@eepurl.com,Female,654-40-4420
192,Amalie,Shadfourth,ashadfourth5b@google.de,Female,545-35-5268
193,Dredi,Scimoni,dscimoni5c@scribd.com,Female,223-12-9889
194,Thadeus,McIlhatton,tmcilhatton5d@mashable.com,Male,482-48-6406
195,Haywood,Jurczyk,hjurczyk5e@state.gov,Male,643-93-4925
196,Zsazsa,Ayton,zayton5f@ifeng.com,Female,864-87-4928
197,Dotty,Barford,,Female,345-14-3110
198,Philis,Gibberd,pgibberd5h@zdnet.com,Female,320-03-7526
199,Ellsworth,Colloff,ecolloff5i@clickbank.net,Male,234-59-8206
200,Amanda,Bingall,abingall5j@indiatimes.com,Female,303-55-3636
201,Rici,Nabbs,rnabbs5k@sakura.ne.jp,Female,806-45-7654
202,Jo-anne,Westoff,jwestoff5l@umich.edu,Female,214-61-3143
203,Winfred,Proschek,wproschek5m@cargocollective.com,Male,571-43-0136
204,Shannon,Baud,,Male,137-91-8819
205,Mavra,Brosel,mbrosel5o@tinypic.com,Female,812-20-8307
206,Verney,Schutt,,,803-60-0470
207,Marna,Casaroli,mcasaroli5q@wordpress.com,Female,269-58-4530
208,Cal,Triswell,ctriswell5r@mac.com,Male,638-47-3537
209,Hastings,McMyler,hmcmyler5s@yandex.ru,Male,555-76-8555
210,Winona,Martschik,wmartschik5t@topsy.com,Female,216-03-8613
211,Tracey,Dufton,,Male,171-78-5087
212,Kory,Fattorini,,Male,494-29-5460
213,Che,McGruar,cmcgruar5w@yelp.com,Male,841-85-3242
214,Crystal,Warcup,,Female,823-37-5580
215,Daven,Thurman,dthurman5y@xing.com,Male,773-14-8370
216,Rosaline,Jannaway,rjannaway5z@imgur.com,Female,356-76-6087
217,Dianne,Shaplin,dshaplin60@samsung.com,Female,283-28-5932
218,Florie,Moorcraft,fmoorcraft61@youku.com,Female,874-37-2943
219,Rancell,Cordet,rcordet62@posterous.com,Non-binary,381-93-4489
220,Dee dee,Dorot,ddorot63@mlb.com,Female,294-89-8887
221,Mary,Joul,mjoul64@furl.net,Female,749-22-5216
222,Lorena,Alessandretti,lalessandretti65@canalblog.com,Female,686-51-4899
223,Faustina,Gainsbury,fgainsbury66@hc360.com,Female,447-89-3024
224,Eloisa,Doick,edoick67@cmu.edu,Female,824-02-6375
225,Lamont,Priddy,lpriddy68@jiathis.com,Male,296-90-8129
226,Tracie,Jerisch,tjerisch69@slashdot.org,Male,312-21-2081
227,Corene,Lamball,,Female,574-78-4184
228,Paton,Krysiak,pkrysiak6b@netvibes.com,Male,285-78-4460
229,Rodrigo,Killingback,rkillingback6c@berkeley.edu,Male,328-12-4796
230,Gerladina,Mildmott,gmildmott6d@163.com,Female,703-54-1079
231,Kalil,Thorrington,kthorrington6e@elegantthemes.com,Male,544-43-9670
232,Veriee,De Meyer,vdemeyer6f@phpbb.com,Female,189-01-7326
233,Paulo,Shemming,,Male,197-06-4387
234,Brnaby,Message,bmessage6h@hubpages.com,Male,501-15-2215
235,Walt,Kinahan,wkinahan6i@mtv.com,Bigender,287-81-4462
236,Alana,Rubinchik,arubinchik6j@fotki.com,,582-33-8408
237,Desmond,Norwich,dnorwich6k@chronoengine.com,Male,559-31-4127
238,Reynard,Shillam,rshillam6l@youku.com,Male,475-42-4138
239,Cassey,Wennington,cwennington6m@storify.com,Female,610-75-3356
240,Ryun,Staddon,rstaddon6n@themeforest.net,,597-66-0181
241,Rourke,Huddart,rhuddart6o@seattletimes.com,Male,756-52-8629
242,Gavin,Curbishley,gcurbishley6p@behance.net,Male,187-94-8623
243,Petr,Garvey,pgarvey6q@sfgate.com,Male,165-87-1494
244,Anita,Leethem,aleethem6r@artisteer.com,Female,345-62-9163
245,Nicol,Freer,nfreer6s@ustream.tv,,303-76-4102
246,Florentia,Ramard,framard6t@fotki.com,Female,415-18-2160
247,Bard,Bucham,bbucham6u@digg.com,Male,242-90-3788
248,Hamish,Langrish,,Male,107-44-0429
249,Phip,Storrock,,Male,720-25-2974
250,Karlyn,Spurden,,Female,179-61-3995
251,Ham,Curtis,hcurtis6y@admin.ch,Male,163-76-7674
252,Eolanda,Paulus,epaulus6z@dedecms.com,Female,724-26-2369
253,Katrina,Unworth,kunworth70@discovery.com,Female,847-35-2560
254,Roseann,Berk,rberk71@ihg.com,Female,333-92-3733
255,Armin,Annett,aannett72@ustream.tv,Male,795-27-5173
256,Cordy,Cordery,ccordery73@twitter.com,Non-binary,176-84-5907
257,Trefor,Girardi,tgirardi74@youtube.com,Male,854-78-2830
258,Mitchael,Lunnon,mlunnon75@redcross.org,Male,826-35-9864
259,Simona,Godlee,sgodlee76@so-net.ne.jp,Female,308-02-6363
260,Wernher,Pennetti,wpennetti77@unblog.fr,Male,405-08-8249
261,Humbert,Wraighte,hwraighte78@bravesites.com,Male,135-30-4096
262,Angel,Matushevich,amatushevich79@posterous.com,Male,659-16-8859
263,Dalila,Michelin,,Female,329-89-7704
264,Eustace,Mowett,,Male,841-57-3983
265,Gilbertina,Lathan,glathan7c@51.la,Female,702-88-6832
266,Randee,Bedboro,rbedboro7d@jalbum.net,Female,320-71-4716
267,Deane,Grancher,dgrancher7e@usda.gov,Male,415-99-7768
268,Analise,Boutellier,aboutellier7f@pen.io,Female,778-54-1254
269,Leroi,Mouser,lmouser7g@cafepress.com,Male,319-74-0665
270,Dorey,Heffernan,dheffernan7h@jiathis.com,Male,732-26-3851
271,Annaliese,Ebanks,aebanks7i@jimdo.com,Bigender,473-27-0976
272,Carter,Bolstridge,cbolstridge7j@sitemeter.com,Male,301-07-6779
273,Ester,Birchett,ebirchett7k@archive.org,Female,606-14-8393
274,Nollie,Krugmann,nkrugmann7l@thetimes.co.uk,Female,811-85-5639
275,Skelly,Valadez,svaladez7m@slashdot.org,Male,711-03-2879
276,Fitz,Tallent,ftallent7n@linkedin.com,Male,424-95-0998
277,Mia,Clemson,mclemson7o@t-online.de,Female,551-80-7750
278,Clem,Witherdon,,Male,595-69-1962
279,Astrix,Andino,aandino7q@over-blog.com,Female,423-80-2442
280,Thomas,Curd,tcurd7r@usda.gov,,377-59-3769
281,Aurelea,Commucci,acommucci7s@dot.gov,Female,344-15-8907
282,Peggie,Eberts,,,877-40-1353
283,Chanda,O'Scannill,coscannill7u@ibm.com,Female,630-47-5452
284,Rafi,Pessel,rpessel7v@pcworld.com,Genderfluid,327-59-1776
285,Kahaleel,Janaud,kjanaud7w@mlb.com,Male,301-47-3684
286,Opalina,Maginot,omaginot7x@github.io,,869-03-4449
287,Harry,Coyne,hcoyne7y@netvibes.com,Male,739-76-6066
288,Ignazio,Hampson,ihampson7z@tumblr.com,Male,479-98-9404
289,Cornell,Healing,chealing80@oakley.com,Bigender,407-70-0909
290,Cordy,Mc Caghan,cmccaghan81@slate.com,Female,684-93-1197
291,Parke,Goggen,pgoggen82@surveymonkey.com,Male,259-85-3014
292,Costa,Heber,cheber83@google.ca,Male,783-04-7923
293,Rollin,Beining,rbeining84@soup.io,Male,397-05-5274
294,Dani,Dawe,ddawe85@prlog.org,Female,542-75-8706
295,Sande,Cisneros,scisneros86@engadget.com,Female,748-80-8961
296,Cordie,O' Connell,coconnell87@webnode.com,Female,840-62-2077
297,Bear,Erswell,berswell88@businesswire.com,Male,791-62-1499
298,Daniele,Capehorn,dcapehorn89@chron.com,Female,409-77-0107
299,Anatol,Grealey,agrealey8a@ask.com,Agender,586-14-8254
300,Mendie,Meegan,mmeegan8b@edublogs.org,Male,145-33-0169
301,Gabbey,Bonsale,gbonsale8c@businessweek.com,Female,672-91-3538
302,Amii,Hebden,,Non-binary,854-67-9950
303,Caddric,Fritschmann,,Male,276-14-9419
304,Jenifer,Fittes,,,318-15-5174
305,Corina,Colgrave,ccolgrave8g@biblegateway.com,Female,272-08-0689
306,Romona,Cafe,rcafe8h@java.com,Female,891-68-1055
307,Ileane,Thorsby,,Female,170-27-7241
308,Meredithe,Bealton,mbealton8j@ning.com,Female,607-19-6084
309,Ives,Chambers,ichambers8k@deviantart.com,Male,421-48-9155
310,Fonsie,Bassano,fbassano8l@istockphoto.com,,369-35-2235
311,Nolan,Eighteen,neighteen8m@yolasite.com,Male,104-90-5996
312,Bradford,Olohan,,Male,236-48-1726
313,Darb,Wellsman,dwellsman8o@irs.gov,Male,849-13-7772
314,Marwin,Artrick,martrick8p@skyrock.com,Male,183-59-2957
315,Legra,Scanlin,,Female,472-34-8254
316,Britt,Kuhlen,,Female,745-17-9650
317,Mellie,Murt,mmurt8s@wikimedia.org,Female,517-53-5880
318,Lock,Langthorne,,Male,742-59-0168
319,Kenna,Freire,kfreire8u@mysql.com,Female,788-26-3825
320,Codi,Shields,cshields8v@sbwire.com,Male,851-01-8943
321,Eldon,Freeth,efreeth8w@google.com,Male,174-65-0273
322,Waldo,Stroobant,,Male,491-91-2737
323,Cornie,Knocker,cknocker8y@blogs.com,Male,341-34-7324
324,Adena,Fibbit,afibbit8z@fc2.com,Female,594-07-9007
325,Maxie,Robbe,mrobbe90@diigo.com,Male,605-76-8270
326,Ramonda,Trustey,,Female,790-06-8027
327,Correna,Burgett,cburgett92@guardian.co.uk,Female,211-55-6536
328,Selig,Trathan,strathan93@altervista.org,Male,121-48-9772
329,Trudi,Kibby,tkibby94@nature.com,Female,778-35-9721
330,Micky,Marian,mmarian95@phoca.cz,Female,191-94-9314
331,Claude,Braybrookes,cbraybrookes96@blinklist.com,Female,812-64-9156
332,Jaquenette,Boman,jboman97@feedburner.com,,735-19-0768
333,Madeline,Astman,mastman98@archive.org,Female,704-26-0560
334,Myrtle,Kingscote,mkingscote99@amazonaws.com,Female,696-54-0851
335,Berni,Clendening,bclendening9a@illinois.edu,Female,786-84-8262
336,Roseanna,Jouen,rjouen9b@walmart.com,Female,166-97-1935
337,Kristos,Dethloff,kdethloff9c@webmd.com,Male,857-22-8100
338,Vivianne,Olphert,volphert9d@yolasite.com,Female,581-04-2162
339,Minerva,Lorriman,mlorriman9e@icq.com,Female,358-79-4052
340,Lorrayne,Levings,llevings9f@mashable.com,Female,610-13-5516
341,Dyanne,Waymont,dwaymont9g@infoseek.co.jp,Female,365-14-6047
342,Merna,Rubinshtein,mrubinshtein9h@engadget.com,Genderfluid,706-82-5964
343,Anson,Fountian,afountian9i@google.pl,Male,438-12-9651
344,Meredith,Mioni,,Non-binary,619-10-3840
345,Esmaria,Feltham,efeltham9k@xing.com,Female,868-71-3631
346,Carmine,Daggett,cdaggett9l@rediff.com,Male,832-81-1521
347,Aggie,Sweating,asweating9m@mayoclinic.com,Female,711-99-7143
348,Raddie,Earnshaw,rearnshaw9n@barnesandnoble.com,,129-57-2010
349,Alexandr,Duckfield,aduckfield9o@answers.com,Male,821-71-0477
350,Celestia,Cadalleder,ccadalleder9p@reuters.com,Female,579-70-5162
351,Biron,Laurenson,blaurenson9q@dmoz.org,Male,702-69-8371
352,Collin,Audibert,caudibert9r@mail.ru,Male,227-67-8515
353,Humphrey,Semonin,hsemonin9s@hud.gov,Male,638-57-1552
354,Raffarty,O'Regan,,Male,231-26-2408
355,Linnell,Springford,lspringford9u@comcast.net,Female,395-13-8328
356,Tymothy,Dahlman,,Male,696-74-8129
357,Minny,Fould,,Female,646-76-7056
358,Aurthur,Pollak,apollak9x@paginegialle.it,Male,398-27-9117
359,Allen,Sheaber,asheaber9y@e-recht24.de,Male,608-76-4810
360,Katha,Rosendahl,krosendahl9z@shutterfly.com,Female,488-08-3118
361,Nicki,Scrimgeour,nscrimgeoura0@zimbio.com,Female,404-82-0097
362,Randal,Toulson,rtoulsona1@parallels.com,,593-24-0194
363,Josiah,Bottomley,jbottomleya2@msn.com,Male,613-02-2180
364,Lissa,Emlen,,Female,440-53-1749
365,Sancho,Whiteson,swhitesona4@storify.com,Male,322-48-3395
366,Vonny,Cowlishaw,,Female,884-60-7215
367,Cesya,Biscomb,cbiscomba6@de.vu,Female,183-18-2001
368,Brinn,Pritchard,,Female,361-13-2623
369,Devina,Iacofo,diacofoa8@constantcontact.com,Female,398-63-7794
370,Bettine,Clapton,,Female,775-37-7061
371,Bamby,Seth,bsethaa@artisteer.com,,675-10-2810
372,Melisent,Easterbrook,measterbrookab@google.ca,Female,235-99-0579
373,Jaymie,Place,jplaceac@altervista.org,Male,576-57-5890
374,Egbert,Elleray,,Male,191-98-7902
375,Dannie,Edlyne,,Female,215-77-8354
376,Buddie,Iorillo,biorilloaf@hostgator.com,Male,336-83-4277
377,Tabbie,Yeo,tyeoag@ehow.com,Polygender,520-56-1307
378,Baron,Clear,,Male,697-98-4598
379,Bernardine,Crotty,bcrottyai@cargocollective.com,,456-06-5348
380,Andrey,Bullen,,Male,325-84-6160
381,Reese,McBrearty,,Male,137-39-1470
382,Ian,Parman,iparmanal@blogger.com,,368-05-8119
383,Pate,Streatley,pstreatleyam@histats.com,Male,844-20-0957
384,Maggi,Keson,mkesonan@omniture.com,Female,546-19-0936
385,Micheal,Evemy,mevemyao@nih.gov,Male,784-57-4977
386,Leanora,Swatten,lswattenap@samsung.com,Female,546-50-3800
387,Lynelle,Guntrip,lguntripaq@canalblog.com,Female,462-83-6289
388,Rip,Stuttard,rstuttardar@joomla.org,Male,770-77-0382
389,Isadore,Locke,ilockeas@dion.ne.jp,Male,394-34-0737
390,Hendrika,Cabedo,hcabedoat@toplist.cz,Female,226-32-4876
391,Con,Dourin,cdourinau@geocities.jp,Male,173-86-8352
392,Nils,Roberto,nrobertoav@cloudflare.com,Male,494-34-1852
393,Lexie,Shetliff,lshetliffaw@barnesandnoble.com,Female,349-54-9212
394,Berkeley,Provest,bprovestax@howstuffworks.com,Bigender,126-75-0218
395,Rosa,Hoofe,rhoofeay@columbia.edu,Female,369-01-4532
396,Hamlen,Curnow,hcurnowaz@tripadvisor.com,Male,644-89-7398
397,Addie,Tarbet,atarbetb0@1und1.de,Male,429-21-1303
398,Isiahi,Littlejohns,ilittlejohnsb1@cargocollective.com,Male,257-39-7528
399,Archambault,Camell,,Male,621-55-6930
400,Alyosha,Kelly,,Male,115-46-1994
401,Luis,Matijevic,lmatijevicb4@youtu.be,Male,237-48-1989
402,Gertie,Ugolini,gugolinib5@histats.com,Female,243-65-4162
403,Devin,Richings,drichingsb6@google.pl,Female,179-84-2985
404,Oralle,Elijahu,oelijahub7@skype.com,Female,638-08-6062
405,Harriette,Tarling,htarlingb8@wunderground.com,Female,303-03-7605
406,Nelson,Raden,nradenb9@unesco.org,Genderqueer,233-23-5755
407,Joseito,Brookfield,jbrookfieldba@free.fr,Male,569-84-7171
408,Rudolph,Whapple,rwhapplebb@sina.com.cn,Male,112-39-8162
409,Haydon,Schollick,,Male,727-01-0359
410,Mandi,Rotherham,mrotherhambd@arizona.edu,Female,257-27-6364
411,Alissa,Yule,,Female,321-91-3205
412,Wolf,Cowl,wcowlbf@washingtonpost.com,Male,174-21-3514
413,Amabelle,Melluish,amelluishbg@storify.com,Genderqueer,816-53-9979
414,Sherlocke,Halley,,Male,691-59-8227
415,Loydie,Dunlop,ldunlopbi@un.org,Male,580-40-6436
416,Arron,Moubray,amoubraybj@amazonaws.com,Male,659-36-0004
417,Cyb,Jeannaud,cjeannaudbk@engadget.com,Female,755-75-6716
418,Knox,Dillimore,,Male,678-38-6109
419,Sherman,Capini,scapinibm@infoseek.co.jp,Male,137-11-7391
420,Madelle,Matveichev,mmatveichevbn@t.co,Female,152-30-5083
421,Natalya,Wreath,,Female,641-43-8328
422,Etheline,Keesman,ekeesmanbp@amazonaws.com,Female,159-17-1790
423,Katusha,Gillard,kgillardbq@mashable.com,Female,498-31-5517
424,Malchy,Rattenberie,mrattenberiebr@mysql.com,Male,189-90-6975
425,Maynard,Markie,mmarkiebs@infoseek.co.jp,Male,839-24-5616
426,Brock,Fulop,bfulopbt@google.co.uk,Male,259-80-4563
427,Mora,Radoux,mradouxbu@symantec.com,Polygender,458-97-7263
428,Fremont,Jodrellec,fjodrellecbv@nymag.com,Male,798-36-0674
429,Berkeley,Loseke,blosekebw@paypal.com,Male,496-37-2542
430,Luther,Doring,ldoringbx@xinhuanet.com,Male,400-94-1773
431,Ranique,Grinin,rgrininby@mtv.com,,423-46-5993
432,Laird,Whatley,lwhatleybz@free.fr,Male,297-96-5971
433,Briney,Hrishanok,bhrishanokc0@eepurl.com,Female,856-12-1850
434,Dermot,Almon,dalmonc1@indiatimes.com,,853-88-3495
435,Bianka,Benazet,,Female,896-91-5328
436,Alysa,Barcroft,,Female,406-57-2362
437,Cayla,Lawson,clawsonc4@bravesites.com,Female,118-70-2527
438,Coretta,Shepheard,cshepheardc5@tumblr.com,Agender,644-20-8001
439,Ansley,Loseke,alosekec6@gizmodo.com,Female,647-76-4128
440,Culver,Farthing,cfarthingc7@arizona.edu,Male,874-68-3736
441,Rickie,Tungay,rtungayc8@spiegel.de,Female,202-63-2304
442,Corby,Perry,cperryc9@aboutads.info,Male,378-94-2940
443,Halsy,Mattke,,Genderfluid,561-82-8464
444,Nikki,Hulk,,Female,756-01-5066
445,Minnnie,Trollope,mtrollopecc@sitemeter.com,Female,646-90-7934
446,Shell,Banbrigge,sbanbriggecd@google.it,Male,158-66-0140
447,Jobina,Veighey,jveigheyce@hubpages.com,Female,670-19-1085
448,Gilburt,Duddin,gduddincf@etsy.com,Male,702-52-4079
449,Rozalie,Kinsett,rkinsettcg@blogspot.com,Female,680-13-3435
450,Tresa,Streeton,tstreetonch@discuz.net,Female,689-16-1476
451,Melicent,Maroney,mmaroneyci@paginegialle.it,Female,575-96-6424
452,Vernice,Titheridge,vtitheridgecj@51.la,Female,486-03-3754
453,Massimiliano,Schaben,mschabenck@about.com,Male,738-10-4212
454,Eva,Pregal,epregalcl@taobao.com,Female,877-63-3460
455,Leroi,Josse,ljossecm@themeforest.net,Male,260-22-6778
456,Alysa,Simpole,asimpolecn@whitehouse.gov,Female,835-04-2454
457,Lori,Land,llandco@yolasite.com,Female,519-03-6147
458,Welsh,Baynes,wbaynescp@wired.com,Male,562-99-7129
459,Orly,Daffey,,Female,259-19-9574
460,Filmer,Easson,feassoncr@eventbrite.com,Male,805-87-0807
461,Catherine,Tomini,ctominics@simplemachines.org,Female,525-79-1840
462,Shayne,Key,,Female,431-61-3401
463,Lola,Falkingham,,Female,390-11-2832
464,Tallie,Coult,tcoultcv@networksolutions.com,Female,163-40-5838
465,Avie,Creffield,acreffieldcw@soundcloud.com,Female,602-37-7868
466,Hugh,Garroch,,Polygender,862-72-9197
467,Pamelina,Hoggan,phoggancy@xinhuanet.com,Female,213-71-0417
468,Esme,Dyers,edyerscz@house.gov,Female,776-21-2223
469,Cathie,Newband,cnewbandd0@woothemes.com,Female,174-19-9205
470,Matthiew,Sloat,msloatd1@clickbank.net,Male,806-79-3421
471,Catha,Spancock,cspancockd2@dagondesign.com,Female,280-75-9474
472,Lanie,Renshall,lrenshalld3@barnesandnoble.com,Female,672-73-1233
473,Brendon,Zecchini,bzecchinid4@reuters.com,Male,781-28-2964
474,George,Thumann,gthumannd5@wiley.com,Male,409-13-7559
475,Fancy,Sisselot,fsisselotd6@wikispaces.com,,655-81-3940
476,Taddeusz,Iczokvitz,ticzokvitzd7@europa.eu,Male,119-25-8479
477,Ransom,Deerr,,Male,861-27-7745
478,Hamil,Shalloe,hshalloed9@earthlink.net,Male,153-63-8806
479,Britte,Batterson,,Female,517-45-9109
480,Berna,Filewood,,Female,308-24-0907
481,Hewett,Tyrwhitt,htyrwhittdc@washington.edu,Male,542-09-7368
482,Norry,Hawes,nhawesdd@oaic.gov.au,Male,745-95-1384
483,Vachel,Issacov,vissacovde@newsvine.com,Male,691-09-8288
484,Doug,Crellim,dcrellimdf@intel.com,Agender,175-62-8800
485,Jasen,Whatsize,jwhatsizedg@webmd.com,Male,581-57-1126
486,Concettina,Dellow,cdellowdh@blogs.com,Female,529-88-9393
487,Zorah,Goff,,Female,890-61-2762
488,Dermot,Locket,dlocketdj@time.com,Male,629-96-4495
489,Julee,Douberday,,Female,445-08-7862
490,Daryl,Pleager,dpleagerdl@over-blog.com,Female,540-21-9972
491,Orren,Ammer,oammerdm@jiathis.com,Male,245-30-4357
492,Gilberto,Juanes,gjuanesdn@cbslocal.com,Male,131-68-7859
493,Filide,Falco,ffalcodo@archive.org,Female,752-17-2770
494,Deana,Bonner,dbonnerdp@joomla.org,Female,791-46-3878
495,Bradley,Bellard,,Male,116-25-6471
496,Cordula,Yard,cyarddr@blogtalkradio.com,Female,673-10-3799
497,Ronalda,Garbott,,Female,769-20-3909
498,Guenevere,Di Iorio,,Female,520-49-4894
499,Nadya,Groll,ngrolldu@w3.org,Female,760-03-8707
500,Danyette,Clamo,,Female,223-74-5819
501,Leelah,Heistermann,lheistermanndw@technorati.com,Female,222-92-3023
502,Donal,McHale,dmchaledx@princeton.edu,Male,643-05-9816
503,Mollie,Garey,mgareydy@reddit.com,Female,766-24-2641
504,Angelika,Satcher,asatcherdz@goo.gl,Female,674-44-5630
505,Nealon,Neale,nnealee0@webmd.com,Genderfluid,242-44-7189
506,Magdalene,Castle,mcastlee1@forbes.com,Female,131-93-5414
507,Stefa,Yaakov,syaakove2@cam.ac.uk,Female,371-13-9721
508,Maiga,Harland,mharlande3@google.co.jp,,719-54-2682
509,Dalt,Bannell,dbannelle4@xinhuanet.com,Male,542-23-2661
510,Ulick,Deegin,,Male,899-45-6243
511,Dalia,Gillivrie,dgillivriee6@squidoo.com,Female,395-10-9770
512,Michel,Shattock,mshattocke7@paypal.com,Male,839-91-0633
513,Lucho,O'Keefe,lokeefee8@pcworld.com,Male,774-75-4259
514,Augy,Altoft,aaltofte9@samsung.com,Male,591-04-5351
515,My,Kynd,,Male,112-64-8385
516,Dory,Baudry,dbaudryeb@who.int,,167-61-2374
517,Seth,Chillcot,schillcotec@mayoclinic.com,Non-binary,400-67-4982
518,Any,Capin,acapined@harvard.edu,Male,339-56-8471
519,Verile,Geldeford,vgeldefordee@ovh.net,Female,801-17-9747
520,Corbet,Meineck,,Male,377-06-2384
521,Torrance,Wethered,twetheredeg@house.gov,Male,633-24-3972
522,Reg,Vanyukhin,,Male,764-94-1317
523,Latisha,Coldbath,,Female,365-85-5794
524,Wallis,Gerg,wgergej@cbc.ca,Genderqueer,661-06-8038
525,Parry,Graybeal,pgraybealek@cloudflare.com,Male,736-57-4691
526,Padriac,Croutear,pcroutearel@usa.gov,Male,814-74-2402
527,Delmor,Kyllford,dkyllfordem@ow.ly,Genderqueer,620-85-9276
528,Derrek,Chadwick,dchadwicken@msu.edu,Male,210-25-2901
529,Marissa,Stickland,msticklandeo@youtube.com,,686-89-1057
530,Hermon,McGettrick,,Male,771-78-2189
531,Adina,Pickard,apickardeq@jigsy.com,Female,228-47-7746
532,Fitzgerald,Brunt,fbrunter@tinyurl.com,Male,585-74-5010
533,Lowrance,Vicker,,Male,749-40-2394
534,Cull,Buer,cbueret@storify.com,Male,233-50-7389
535,Rita,McDill,rmcdilleu@hc360.com,Female,404-89-5599
536,Yasmin,Sterre,ysterreev@51.la,Female,496-20-8911
537,Kippie,McGirr,kmcgirrew@skyrock.com,Female,189-14-0798
538,Lyda,Grigorian,lgrigorianex@1und1.de,Female,431-72-1486
539,Christoph,Hitzke,chitzkeey@squarespace.com,Male,155-89-1110
540,Homere,Stanway,,Male,237-67-6688
541,Avery,Himpson,ahimpsonf0@wordpress.org,Male,674-58-7676
542,Lucas,Hebblewaite,lhebblewaitef1@prweb.com,Male,312-07-9324
543,Lauraine,Limeburner,,Female,817-21-6623
544,Jecho,Plimmer,jplimmerf3@ebay.com,Male,372-46-2783
545,Theo,Akett,,Female,504-58-1694
546,Gertrudis,Camblin,gcamblinf5@hao123.com,Female,339-48-7032
547,Amerigo,Buddleigh,abuddleighf6@cargocollective.com,Male,651-25-4888
548,Garrott,Linstead,glinsteadf7@europa.eu,Male,274-89-6379
549,Rickie,Burkert,,Male,125-33-1740
550,Danice,Baccus,,Female,226-95-7736
551,Denyse,Chung,dchungfa@digg.com,,750-83-2836
552,Carlyn,Perren,,Female,752-83-0536
553,Cassie,MacCoveney,,,505-54-9296
554,Luce,Licence,llicencefd@china.com.cn,Male,702-45-6883
555,Cora,Strangeways,cstrangewaysfe@jalbum.net,Female,199-38-0284
556,Trix,Leyban,,Female,159-82-6699
557,Arnaldo,Gigg,agiggfg@microsoft.com,Male,145-82-5119
558,Morgan,Tweedlie,,Female,804-51-6045
559,Claude,Pitford,cpitfordfi@meetup.com,,487-43-5673
560,Claude,Tolcharde,ctolchardefj@dell.com,Female,138-04-6596
561,Magdalena,Tripp,mtrippfk@ifeng.com,Bigender,712-10-8875
562,Lethia,Harberer,lharbererfl@wsj.com,Agender,583-23-5675
563,Ysabel,Cardillo,ycardillofm@wikispaces.com,Female,787-88-8726
564,Bartie,Tebbut,btebbutfn@hatena.ne.jp,Male,864-85-1002
565,Melantha,Kettlestringe,mkettlestringefo@sakura.ne.jp,,781-22-3351
566,Marje,Peasegod,mpeasegodfp@shop-pro.jp,Female,664-87-8027
567,Salomone,McBrearty,smcbreartyfq@statcounter.com,Male,105-72-5341
568,Jaymie,Blakesley,jblakesleyfr@imgur.com,Male,572-94-8155
569,Roselia,Duchatel,rduchatelfs@virginia.edu,Agender,427-89-6331
570,Pancho,Ifill,pifillft@guardian.co.uk,Male,898-17-5825
571,Ethel,Felipe,efelipefu@nih.gov,Female,764-25-6137
572,Camey,Kensy,ckensyfv@privacy.gov.au,Male,729-27-3664
573,Carri,Whicher,cwhicherfw@xinhuanet.com,Female,412-11-8854
574,Issiah,Sueter,isueterfx@furl.net,Male,301-13-0819
575,Jarvis,Preedy,,Male,563-56-4541
576,Townsend,Pickerin,,Male,639-32-8508
577,Celine,Biesterfeld,cbiesterfeldg0@samsung.com,Female,318-54-1975
578,Constantia,Donnellan,cdonnellang1@wix.com,Female,122-31-3852
579,Merna,Cough,,Female,629-85-0231
580,Forester,Kobera,fkoberag3@instagram.com,Male,803-40-3684
581,Brien,Twiggs,btwiggsg4@csmonitor.com,Male,813-18-2689
582,Aretha,Jukes,ajukesg5@cnet.com,Female,204-26-5917
583,Foss,Timbridge,,Male,845-07-2671
584,Darla,MacIlraith,dmacilraithg7@oakley.com,Female,444-84-5691
585,Fallon,Risdale,frisdaleg8@auda.org.au,Female,206-84-8373
586,Filippa,O'Loughnan,foloughnang9@biblegateway.com,Female,182-77-1708
587,Sabina,McNair,smcnairga@nhs.uk,Female,352-33-8230
588,Rupert,Lymer,rlymergb@japanpost.jp,Male,162-42-5200
589,Dov,Zebedee,,,847-63-9436
590,Jarred,Itzhayek,jitzhayekgd@tiny.cc,Male,313-60-6009
591,Jerri,MacConnulty,jmacconnultyge@1688.com,Male,730-27-8726
592,Dorelia,Maase,dmaasegf@auda.org.au,Female,119-18-5091
593,Shea,Willshear,swillsheargg@wix.com,Male,454-79-1521
594,Skylar,Webborn,swebborngh@edublogs.org,Male,506-94-6256
595,Sharla,Lowensohn,slowensohngi@lycos.com,,424-15-5418
596,Noby,Coxhead,ncoxheadgj@vimeo.com,Male,244-72-6708
597,Vaughn,Huton,vhutongk@wikimedia.org,Male,412-43-0877
598,Cece,Stirman,cstirmangl@moonfruit.com,Agender,578-40-4851
599,Kalina,Matterdace,kmatterdacegm@rediff.com,Genderfluid,500-53-1887
600,Eugene,Baud,,Male,476-60-8917
601,Byran,Weins,bweinsgo@netvibes.com,Male,517-44-8824
602,Henderson,Rayer,hrayergp@google.co.jp,Male,379-81-2219
603,Slade,Cardon,,Male,313-06-1267
604,Keenan,Grosier,,Male,325-91-1065
605,Audrye,Zywicki,azywickigs@barnesandnoble.com,Female,245-36-5139
606,Quintus,Rome,qromegt@mail.ru,Male,668-16-8715
607,Glory,Klimecki,,Female,723-54-8147
608,Giusto,Goodie,,Male,841-72-4011
609,Osmund,Labrone,olabronegw@nymag.com,,783-42-6104
610,Jarret,Grgic,jgrgicgx@photobucket.com,Male,698-11-7260
611,Martha,Hatcher,mhatchergy@home.pl,Polygender,254-16-2344
612,Elianora,Croydon,,Female,831-80-7838
613,Teena,Brecken,,Genderfluid,173-23-9773
614,Myrlene,Bellie,mbellieh1@xrea.com,Female,781-69-2270
615,Caria,Woodward,cwoodwardh2@cafepress.com,Female,432-91-3855
616,Harley,Delap,hdelaph3@utexas.edu,Male,859-20-2419
617,Margarethe,Gouldstraw,mgouldstrawh4@wsj.com,Female,261-81-6730
618,Betta,Ferrige,bferrigeh5@baidu.com,Non-binary,329-71-7699
619,Ode,Shawcroft,oshawcrofth6@geocities.jp,Male,489-74-4179
620,Dwayne,Arends,darendsh7@sourceforge.net,Male,722-83-4611
621,Chloris,Merriott,cmerriotth8@mapquest.com,Female,711-08-5356
622,Ingra,Buglar,ibuglarh9@un.org,Male,410-34-7874
623,Ignacius,Bumby,ibumbyha@howstuffworks.com,Male,220-81-4784
624,Biddie,Lipprose,blipprosehb@statcounter.com,Agender,654-60-7208
625,Inglis,Waltho,iwalthohc@tinyurl.com,Male,853-85-2453
626,Woodman,Devaney,wdevaneyhd@drupal.org,Male,115-63-7343
627,Andrus,Curlis,,Male,426-97-6704
628,Eolanda,Mackneis,emackneishf@amazon.co.uk,Bigender,873-38-0399
629,Ben,Walisiak,,Male,369-56-2062
630,Rasia,Lyptrade,rlyptradehh@cnbc.com,Female,429-16-2388
631,Louise,Vasovic,lvasovichi@mac.com,Female,569-83-5003
632,Shep,Berg,sberghj@miitbeian.gov.cn,Male,703-47-0412
633,Brook,Rymour,brymourhk@samsung.com,Male,145-75-9328
634,Suzann,Kummerlowe,skummerlowehl@illinois.edu,Female,702-84-7745
635,Shayna,Cussons,scussonshm@nymag.com,Female,188-09-3104
636,Amelia,Zeplin,azeplinhn@pcworld.com,Non-binary,199-96-2970
637,Ermin,Brunger,ebrungerho@merriam-webster.com,Male,221-84-0364
638,Alexio,Tillot,atillothp@artisteer.com,Male,718-61-6599
639,Arnold,Sunock,asunockhq@wix.com,Male,476-11-8463
640,Thain,Van Vuuren,tvanvuurenhr@google.pl,Male,318-55-4676
641,Yettie,Fairey,yfaireyhs@springer.com,Female,893-06-9020
642,Mufinella,Northill,mnorthillht@abc.net.au,Polygender,864-43-3222
643,Ricky,Zanettini,rzanettinihu@delicious.com,Female,494-58-2987
644,Kaitlyn,Defries,,Female,881-34-9643
645,Wilow,Stuchberry,wstuchberryhw@blogs.com,Genderfluid,122-69-6411
646,Amara,Moen,,Bigender,830-72-3331
647,Raffaello,Comber,rcomberhy@alibaba.com,Male,687-85-0317
648,Kassi,Leathem,kleathemhz@technorati.com,Female,670-93-5418
649,Del,Ottosen,,Male,638-36-6871
650,Wain,Cabedo,wcabedoi1@hud.gov,Male,598-92-3551
651,Margarita,Banbrigge,mbanbriggei2@europa.eu,Female,332-23-0400
652,Lani,Astbury,lastburyi3@stanford.edu,Female,464-66-5035
653,Cassius,Strangward,cstrangwardi4@washington.edu,Male,584-15-7493
654,Rakel,Wildman,rwildmani5@csmonitor.com,,583-51-4137
655,Tanny,Hellwig,thellwigi6@squarespace.com,Male,245-43-1480
656,Issy,Laboune,ilabounei7@woothemes.com,Female,556-51-4541
657,Aryn,Corran,,Female,428-86-8442
658,Feodor,Whitby,,Agender,288-35-4626
659,Nicky,Spadollini,nspadolliniia@plala.or.jp,Male,242-68-3574
660,Ashly,Maydway,amaydwayib@google.com.au,Female,557-55-6842
661,Idell,Rutherfoord,irutherfoordic@blog.com,Female,251-53-0478
662,Karin,Schapiro,,Female,622-92-7990
663,Sharia,Wykey,swykeyie@amazon.de,Female,360-19-7877
664,Lonni,Pearne,lpearneif@dedecms.com,Female,330-76-0179
665,Guinevere,MacTimpany,gmactimpanyig@delicious.com,Bigender,521-23-7076
666,Jillayne,Luggar,jluggarih@geocities.com,Female,382-33-3764
667,Kendall,Kondratovich,kkondratovichii@tripod.com,Male,559-46-7490
668,Tiffany,Vanini,tvaniniij@php.net,Female,187-18-5118
669,Clement,O'Corrin,cocorrinik@usa.gov,Male,283-89-4490
670,Tiffi,Bour,,Bigender,892-20-1800
671,Simmonds,Forestall,,Male,804-08-4828
672,Marven,Grigorey,mgrigoreyin@nhs.uk,Male,664-07-9878
673,Tallie,Polglaze,tpolglazeio@reverbnation.com,Female,483-85-9414
674,Dru,Duffus,dduffusip@businesswire.com,Female,844-14-7739
675,Lionello,Kybbye,lkybbyeiq@de.vu,Genderfluid,464-56-6793
676,Adella,Rohlf,arohlfir@usatoday.com,,244-83-4665
677,Cross,Abrashkov,cabrashkovis@newsvine.com,Male,482-79-6317
678,Peggi,Dietmar,pdietmarit@blogger.com,Female,726-95-7462
679,Ailyn,Shewon,ashewoniu@weibo.com,Female,670-69-6695
680,Marlene,Orbon,morboniv@buzzfeed.com,Female,702-97-8933
681,Ernesto,Branscombe,ebranscombeiw@google.fr,Male,436-16-4511
682,Ferdie,Pyner,fpynerix@kickstarter.com,Male,295-45-0593
683,Gardy,Duly,gdulyiy@ask.com,,253-84-3263
684,Dorey,O'Shiel,doshieliz@dot.gov,Male,715-21-4021
685,Norris,Beagan,,Male,344-13-7290
686,Karine,Heisler,kheislerj1@si.edu,Female,827-56-0100
687,Rod,Laker,rlakerj2@ifeng.com,Bigender,585-39-3187
688,Oran,Arnoult,oarnoultj3@patch.com,Male,210-62-0380
689,Seline,Ashleigh,sashleighj4@home.pl,Female,637-35-8205
690,Lula,Sara,lsaraj5@biglobe.ne.jp,Agender,459-50-7286
691,Dill,Pellant,dpellantj6@yelp.com,Male,794-78-3649
692,Caz,Saiens,csaiensj7@odnoklassniki.ru,Male,226-80-3304
693,Kin,Standage,kstandagej8@google.es,Male,448-07-1831
694,Mei,Winterscale,mwinterscalej9@miitbeian.gov.cn,Female,852-30-5193
695,Blancha,Killoran,bkilloranja@umich.edu,Female,261-19-4373
696,Leland,Ganders,lgandersjb@army.mil,Male,558-33-9593
697,Winnie,Veighey,wveigheyjc@webs.com,Male,814-12-8511
698,Annabal,Zeplin,azeplinjd@e-recht24.de,Female,459-22-1502
699,Alyson,Haxby,ahaxbyje@huffingtonpost.com,Female,846-67-3283
700,Ric,Robrose,rrobrosejf@nytimes.com,Male,486-39-1651
701,Page,Brookson,pbrooksonjg@ft.com,Male,540-96-4657
702,Bartholomeo,Wyeld,bwyeldjh@apple.com,Male,432-96-5953
703,Cacilia,Tidbury,ctidburyji@foxnews.com,Female,732-74-4287
704,Avril,Greenside,agreensidejj@tamu.edu,Female,729-82-5679
705,Vasilis,Le Prevost,vleprevostjk@surveymonkey.com,Male,245-94-8052
706,Bradford,Hinsch,bhinschjl@wikia.com,Male,390-11-5789
707,Else,Josuweit,ejosuweitjm@paginegialle.it,Female,415-24-9074
708,Filberte,Paolozzi,fpaolozzijn@dmoz.org,Male,805-64-2852
709,David,Margrie,dmargriejo@cornell.edu,Male,397-71-7942
710,Prentice,Aucock,paucockjp@cpanel.net,Male,687-61-1694
711,Torin,Fradson,tfradsonjq@google.fr,,361-90-8545
712,Stacy,Czajka,,Female,372-30-2871
713,Romola,Frangione,rfrangionejs@baidu.com,Female,185-26-3278
714,Free,Balchen,fbalchenjt@so-net.ne.jp,Male,861-86-3281
715,Jania,Caile,jcaileju@ed.gov,Female,809-22-7815
716,Chere,Quarrell,cquarrelljv@techcrunch.com,Female,346-05-2983
717,Giorgia,Schwandner,gschwandnerjw@netvibes.com,Agender,245-52-5101
718,Gwenny,Mawhinney,gmawhinneyjx@blogs.com,Female,149-02-6354
719,Anatole,Pelzer,apelzerjy@fotki.com,Male,295-89-4165
720,Raimundo,Dottridge,rdottridgejz@artisteer.com,Male,353-21-7361
721,Coreen,Shave,cshavek0@japanpost.jp,Female,744-25-5743
722,Thaddeus,Louth,tlouthk1@ameblo.jp,Male,344-65-0798
723,Burnard,McKelvey,bmckelveyk2@yellowbook.com,Male,320-72-4298
724,Stephen,Coyne,scoynek3@storify.com,Male,214-44-9139
725,Becki,Nenci,bnencik4@miibeian.gov.cn,Female,586-88-1860
726,Heath,Ivakin,hivakink5@nps.gov,Male,501-71-2525
727,Pieter,Ibbitson,pibbitsonk6@instagram.com,Male,139-68-8408
728,Estel,Mugridge,,Female,361-64-6145
729,Myca,McCart,mmccartk8@comsenz.com,Bigender,834-95-8784
730,Alethea,Kolakowski,akolakowskik9@ed.gov,Female,347-67-7530
731,Arv,Klass,aklasska@goo.ne.jp,Male,523-51-9920
732,Felecia,Dailey,fdaileykb@harvard.edu,Polygender,563-47-9941
733,Vilhelmina,Sissland,vsisslandkc@chronoengine.com,Female,312-42-9325
734,Breena,Penreth,bpenrethkd@a8.net,Genderfluid,428-72-5312
735,Stephanus,Busek,sbusekke@imdb.com,Genderfluid,663-82-0986
736,Halley,Stump,hstumpkf@npr.org,Female,530-38-1289
737,Aharon,Firby,afirbykg@statcounter.com,Male,553-51-5106
738,Zonda,Llewellyn,zllewellynkh@w3.org,Female,588-34-3591
739,Hasty,Crat,hcratki@businessweek.com,Male,720-18-7696
740,De witt,Gainsboro,dgainsborokj@wired.com,Male,189-84-4250
741,Timmie,Donnell,tdonnellkk@cnn.com,Female,108-05-3336
742,Pammie,Cokly,pcoklykl@bloglovin.com,Female,640-71-3834
743,Currie,Gerrett,cgerrettkm@utexas.edu,Male,794-31-0112
744,Ross,Yabsley,ryabsleykn@arstechnica.com,Male,677-09-4968
745,Gabriel,Hadlee,ghadleeko@bigcartel.com,Female,667-56-8657
746,Ferris,Lawn,flawnkp@hud.gov,Male,732-67-0802
747,Eba,De Andisie,edeandisiekq@mozilla.com,Non-binary,582-02-1345
748,Vida,Neely,vneelykr@desdev.cn,Non-binary,431-89-9712
749,Brose,Panniers,bpanniersks@biblegateway.com,Genderfluid,136-52-3115
750,Lorrie,Ruusa,lruusakt@blogs.com,Genderfluid,871-19-5048
751,Erin,Carmen,ecarmenku@google.es,Female,896-99-0786
752,Moira,Suthworth,msuthworthkv@thetimes.co.uk,Female,493-10-5656
753,Hildagarde,Mordy,,Female,242-46-2565
754,Cleopatra,Gowling,cgowlingkx@photobucket.com,Female,653-39-4780
755,Wilek,Honywill,whonywillky@harvard.edu,Male,833-87-5425
756,Catherine,Blakeman,cblakemankz@wordpress.com,Female,488-05-2505
757,Weston,Kundt,,Male,710-86-2038
758,Starla,Wytchard,swytchardl1@howstuffworks.com,Non-binary,675-79-2972
759,Ephrayim,Crutchley,ecrutchleyl2@adobe.com,Male,281-74-7712
760,Arlena,Giorgietto,agiorgiettol3@ucla.edu,Female,775-79-7511
761,Ced,Biaggioni,cbiaggionil4@themeforest.net,Male,385-34-0392
762,Tripp,Tilby,ttilbyl5@goo.ne.jp,Male,754-63-2960
763,Eldridge,Flawith,eflawithl6@unblog.fr,Male,441-69-7480
764,Rafa,Danilchev,rdanilchevl7@imgur.com,Female,875-13-5401
765,Gaven,Instrell,ginstrelll8@google.nl,Male,865-20-3005
766,Ailsun,Enderby,aenderbyl9@macromedia.com,Female,327-67-6848
767,Demetris,Raeside,draesidela@cmu.edu,Polygender,720-46-8489
768,Mavis,Stubley,mstubleylb@people.com.cn,Female,606-08-6117
769,Rozina,Scobie,rscobielc@phoca.cz,Female,826-18-4460
770,Donnell,Phillimore,dphillimoreld@macromedia.com,Male,899-07-1813
771,Armando,Cutmere,acutmerele@slashdot.org,Male,663-49-5538
772,Noelyn,Pozzi,,Non-binary,189-11-5573
773,Sayre,Botha,sbothalg@ebay.co.uk,Female,347-75-2410
774,Pincas,Alderman,paldermanlh@tripadvisor.com,Male,587-35-6297
775,Corenda,Fuggles,cfugglesli@seattletimes.com,Female,637-07-1880
776,Renell,Growcott,,Female,235-99-7721
777,Cele,Borrie,,,476-96-1524
778,Stace,Presdee,spresdeell@mozilla.com,Genderqueer,668-45-1144
779,Elwood,Riddle,,Male,457-13-5966
780,Katy,Byrd,,Female,726-51-1078
781,Garfield,Jaggar,gjaggarlo@opera.com,Male,356-11-1913
782,Gifford,Vicar,gvicarlp@stumbleupon.com,Male,206-31-6394
783,Brad,Rawls,brawlslq@ezinearticles.com,Male,854-54-8645
784,Padraic,Ruse,pruselr@hugedomains.com,Male,121-40-1107
785,Colleen,Dugood,cdugoodls@bbc.co.uk,Genderfluid,434-72-5064
786,Sorcha,Klousner,sklousnerlt@marketwatch.com,Female,518-41-0114
787,Cleavland,Francescozzi,cfrancescozzilu@biblegateway.com,Male,838-15-3008
788,Brand,Tinman,btinmanlv@hibu.com,Male,559-68-0444
789,Mellisent,Lorent,mlorentlw@sun.com,Female,162-35-3271
790,Berk,Fleg,bfleglx@geocities.com,Male,802-53-3389
791,Axe,Greendale,agreendalely@cdbaby.com,Non-binary,314-98-9500
792,Lilah,Lambrook,llambrooklz@edublogs.org,Female,891-92-2832
793,Susanna,Renac,srenacm0@hexun.com,Agender,739-85-4676
794,Blake,Dripps,bdrippsm1@altervista.org,Female,275-31-6505
795,Lillis,Moneypenny,,Female,422-57-8731
796,Woody,Benasik,,Male,625-22-9646
797,Wendi,Scatchard,,Female,384-40-0129
798,Hobie,Bridgestock,hbridgestockm5@example.com,Agender,649-81-0335
799,Shanan,Cranefield,scranefieldm6@adobe.com,,246-40-6384
800,Eimile,Ledstone,eledstonem7@who.int,Female,515-82-2982
801,Wini,de Zamora,wdezamoram8@jugem.jp,Female,296-55-4362
802,Stefano,Pharoah,spharoahm9@lycos.com,Non-binary,314-92-2427
803,Alan,Spellessy,aspellessyma@jimdo.com,Male,253-26-7430
804,Kevyn,Cocks,kcocksmb@sakura.ne.jp,,826-25-8313
805,Arvy,Nattrass,anattrassmc@ameblo.jp,Male,247-53-7216
806,Asa,Syres,asyresmd@elpais.com,Male,734-31-8371
807,Rice,Furbank,,Male,340-88-5191
808,Suzi,Gallaway,,Female,801-79-3987
809,Godfree,Boyson,gboysonmg@prnewswire.com,Male,243-34-1395
810,Baird,Akker,bakkermh@latimes.com,Male,880-53-9100
811,Ximenez,Edmonds,xedmondsmi@tinyurl.com,Male,776-85-4487
812,Cash,Easbie,ceasbiemj@purevolume.com,Male,479-46-1872
813,Ancell,Ziemke,aziemkemk@printfriendly.com,Male,478-24-0184
814,Stacie,MacChaell,smacchaellml@1und1.de,Female,296-26-1989
815,Jazmin,Foffano,jfoffanomm@pen.io,Female,473-36-3481
816,Jocko,Colledge,jcolledgemn@foxnews.com,Male,643-02-0486
817,Olenolin,Hatherleigh,ohatherleighmo@blogs.com,Male,123-32-9282
818,Leonora,Eykel,leykelmp@github.com,Female,137-53-6036
819,Griffin,Staves,gstavesmq@meetup.com,Male,295-44-8329
820,Judye,Zambon,jzambonmr@weather.com,Genderfluid,894-56-4269
821,Bettina,Jeandel,bjeandelms@twitter.com,Female,527-21-5762
822,Lin,Fulun,lfulunmt@huffingtonpost.com,,185-72-3539
823,Cherye,Gerssam,cgerssammu@scribd.com,Female,634-87-8883
824,Bernie,Braunthal,bbraunthalmv@1688.com,,896-48-0393
825,Courtney,Haggar,,Male,751-63-8434
826,Riva,Lett,rlettmx@apple.com,Female,807-92-3746
827,Halimeda,Coling,,Genderfluid,591-10-4084
828,Thacher,Margram,,Male,385-62-2310
829,Forbes,Purkins,fpurkinsn0@deliciousdays.com,Male,303-08-6296
830,Reggis,Dufty,rduftyn1@vimeo.com,,895-50-7549
831,Giuseppe,Evamy,,Male,836-55-2152
832,Tildie,Rojel,,,120-42-6421
833,Jesse,Duthie,jduthien4@so-net.ne.jp,Female,294-05-8082
834,Magnum,Goldhill,mgoldhilln5@youtube.com,Male,823-10-1123
835,Binni,Dufer,bdufern6@cornell.edu,Female,465-01-8355
836,Dollie,Simmonite,dsimmoniten7@simplemachines.org,,572-22-7620
837,Timmie,Huard,thuardn8@smugmug.com,Male,596-83-1810
838,Enrique,Bartrop,ebartropn9@dot.gov,Male,745-40-6484
839,Chet,Greathead,cgreatheadna@fotki.com,Male,278-39-5694
840,Moyna,Lavell,mlavellnb@bbb.org,,708-71-5182
841,Jordan,Nudd,jnuddnc@tuttocitta.it,Female,846-81-5973
842,Thea,Thiese,tthiesend@naver.com,,726-47-7426
843,Trent,Rowsell,,Male,682-28-0195
844,Vergil,Kleinfeld,,Male,530-67-4826
845,Laryssa,Heaney,lheaneyng@i2i.jp,Female,499-06-8193
846,Jephthah,Marfield,jmarfieldnh@xing.com,,403-38-8443
847,Thaddus,Prudham,tprudhamni@cornell.edu,Male,450-94-1898
848,Evyn,Ferryman,eferrymannj@telegraph.co.uk,Male,770-79-0263
849,Alikee,Stonbridge,astonbridgenk@chron.com,Female,558-49-9223
850,William,Spatig,,Male,306-20-6396
851,Rusty,Toffel,rtoffelnm@linkedin.com,Male,104-76-9995
852,Ilaire,Maylour,imaylournn@youku.com,Male,508-18-8560
853,Rafaello,Tesmond,rtesmondno@yolasite.com,Male,146-87-7006
854,Tony,Duffy,tduffynp@eventbrite.com,Male,811-67-2757
855,Boone,Bisgrove,bbisgrovenq@nifty.com,Male,273-72-1664
856,Clarinda,McGow,cmcgownr@acquirethisname.com,Female,412-11-2022
857,Stillman,Fromant,,Male,360-04-7313
858,Turner,Jacop,tjacopnt@ucoz.com,Male,654-56-6726
859,Ezequiel,Miguet,emiguetnu@shareasale.com,Male,858-99-1271
860,Pail,Arnason,parnasonnv@hp.com,Male,427-79-5308
861,Joannes,Barkley,jbarkleynw@admin.ch,Female,528-79-6737
862,Parrnell,Ades,padesnx@jalbum.net,Male,855-89-0136
863,Silva,Ruppelin,sruppelinny@github.io,Female,785-78-7106
864,Tamarah,Morgan,tmorgannz@liveinternet.ru,Female,340-19-2327
865,Kristian,Geely,,Non-binary,734-47-4718
866,Nelli,Drennan,ndrennano1@hhs.gov,Female,799-08-4515
867,Claire,Whebell,cwhebello2@salon.com,Male,636-59-5912
868,Siward,Daile,sdaileo3@cmu.edu,Male,390-40-1136
869,Juan,Cullotey,jculloteyo4@php.net,Male,370-11-1506
870,Nial,Wycliff,nwycliffo5@163.com,Male,158-58-7741
871,Angelica,Ellington,aellingtono6@fda.gov,Female,730-38-0320
872,Hedwiga,Vatini,hvatinio7@tmall.com,Female,502-10-0227
873,Hester,Cotte,hcotteo8@cmu.edu,Female,563-64-6452
874,Ruggiero,Keattch,rkeattcho9@vimeo.com,Male,602-20-6492
875,Tommy,Hassur,,Female,166-07-1084
876,Tadd,Ferro,tferroob@unblog.fr,Male,726-27-5228
877,Natale,Tomini,ntominioc@xinhuanet.com,Male,746-32-1988
878,Helli,Starrs,hstarrsod@topsy.com,Female,875-62-6709
879,Ameline,Olsson,aolssonoe@wisc.edu,Female,813-38-3697
880,Mitch,Wagenen,,Male,139-83-5355
881,Melany,Crummay,,Female,197-77-7968
882,Michele,Slimings,mslimingsoh@topsy.com,Male,220-13-5281
883,Reidar,Faunt,rfauntoi@google.de,Male,426-22-2318
884,Rosita,Tingcomb,rtingcomboj@dot.gov,Female,587-70-1017
885,Darcey,Cockney,,,562-13-4645
886,Ephraim,Houchin,ehouchinol@360.cn,Male,153-80-0856
887,Galvan,Rewbottom,grewbottomom@slideshare.net,Male,640-86-3099
888,Andre,Chaters,achaterson@archive.org,Bigender,701-70-4720
889,Bernete,Seabrook,bseabrookoo@state.tx.us,Female,439-40-6758
890,Gwen,Paolozzi,gpaolozziop@friendfeed.com,Female,680-88-1348
891,Lia,Klesse,lklesseoq@npr.org,,385-14-8738
892,Nessi,Tattoo,ntattooor@apache.org,Female,348-14-2525
893,Bryana,Brazener,bbrazeneros@webeden.co.uk,,869-53-7853
894,Torrie,Roydon,troydonot@blogspot.com,Female,488-52-5027
895,Reginald,Taysbil,rtaysbilou@imageshack.us,Male,798-64-0195
896,Astra,Eyckel,aeyckelov@goodreads.com,Genderqueer,695-17-9396
897,Knox,Nyles,knylesow@sogou.com,Male,760-33-7696
898,Guy,Coleiro,gcoleiroox@posterous.com,Male,353-27-6963
899,Normie,Hilling,nhillingoy@blinklist.com,Male,682-55-0663
900,Cooper,Birtley,cbirtleyoz@about.me,Male,511-76-1779
901,Kienan,Charleston,kcharlestonp0@wufoo.com,Male,277-52-3611
902,Onfre,Banger,,Male,194-34-0313
903,Nickolas,Colliber,ncolliberp2@squarespace.com,Male,224-05-5262
904,Gisela,Portch,,Female,897-59-9393
905,Ellie,Bourbon,ebourbonp4@purevolume.com,Female,577-93-6036
906,Benedikt,Filipson,bfilipsonp5@example.com,Male,637-96-7179
907,Lewiss,Olivier,lolivierp6@merriam-webster.com,Male,242-96-9631
908,Anestassia,Ludye,aludyep7@google.ca,Female,472-02-9283
909,Amie,Sterling,,Female,463-42-7396
910,Franklin,Jopling,fjoplingp9@hc360.com,Male,820-39-7928
911,Gertie,Giacomelli,ggiacomellipa@slate.com,Female,568-53-2246
912,Sutherland,Elwill,selwillpb@illinois.edu,Male,170-35-7073
913,Aubree,Rowlson,arowlsonpc@cnet.com,Female,793-39-5676
914,Shayna,Stalf,sstalfpd@reverbnation.com,Female,136-22-8978
915,Billy,Friatt,bfriattpe@cnn.com,,739-53-1473
916,Hedy,Serrell,hserrellpf@si.edu,Female,619-94-4295
917,Queenie,Tilbrook,qtilbrookpg@google.fr,Female,602-02-6483
918,Micheil,Gristock,mgristockph@meetup.com,Male,501-62-5948
919,Pansie,Milmo,pmilmopi@vk.com,Female,549-74-3012
920,Twyla,Sumpton,,,745-87-3849
921,Ailis,Coye,acoyepk@lycos.com,Female,508-96-2259
922,Dalt,Chedgey,dchedgeypl@illinois.edu,Male,147-77-7351
923,Genevra,Averall,gaverallpm@china.com.cn,Female,167-51-5113
924,Eben,Becerro,ebecerropn@cnbc.com,Male,777-53-8728
925,Sidonia,Mouser,smouserpo@mayoclinic.com,Female,326-67-6401
926,Hastie,Sandy,hsandypp@mlb.com,Male,303-33-9777
927,Felizio,Newland,,,674-56-4691
928,Maria,Gerckens,,Female,427-53-6619
929,Fin,Hurll,fhurllps@issuu.com,Male,421-61-3450
930,Johnna,Bellon,jbellonpt@hostgator.com,Female,765-40-1555
931,Kristopher,Haig,khaigpu@virginia.edu,Male,529-91-7401
932,Nial,Lethby,,Genderqueer,422-20-0251
933,Teddy,Jantet,tjantetpw@huffingtonpost.com,Male,180-01-1058
934,Norma,Langmuir,nlangmuirpx@nbcnews.com,Genderfluid,719-20-8011
935,Myles,Wanden,mwandenpy@mlb.com,Male,799-21-6777
936,Obidiah,Kubicka,okubickapz@epa.gov,Male,488-75-4659
937,Manny,Audibert,maudibertq0@a8.net,Male,196-83-8089
938,Kerstin,Harsnep,kharsnepq1@istockphoto.com,Female,783-04-4110
939,Andeee,Barthelme,,Female,880-79-1340
940,Toma,Duff,tduffq3@amazon.com,,114-68-4860
941,Brewster,Marchetti,bmarchettiq4@digg.com,Male,616-90-4273
942,Archer,Mewton,amewtonq5@theatlantic.com,Male,414-95-3992
943,Becki,Wallach,bwallachq6@studiopress.com,Female,636-29-1926
944,Bendick,Reiner,breinerq7@deviantart.com,Bigender,523-32-7563
945,Leland,Van Ross,lvanrossq8@e-recht24.de,Female,728-16-7818
946,Justinn,McKinnon,jmckinnonq9@freewebs.com,Female,552-21-6525
947,Archaimbaud,Latek,,Male,229-75-4515
948,Maible,Pilsworth,mpilsworthqb@engadget.com,Female,263-97-5267
949,Alejoa,Nealy,anealyqc@g.co,Male,678-64-6696
950,Melamie,Blodgett,mblodgettqd@dropbox.com,Female,501-55-5435
951,Chester,Barcroft,,Male,412-74-2394
952,Ellary,Tyreman,etyremanqf@gov.uk,Male,190-63-6204
953,Chad,Inglish,cinglishqg@pen.io,Female,596-45-8798
954,Jessamine,Cowlishaw,jcowlishawqh@webnode.com,Female,692-35-7162
955,Murial,Wiley,,Female,585-46-6308
956,Theodore,Gason,tgasonqj@latimes.com,Male,135-74-2320
957,Krishnah,Sollars,,,832-88-6894
958,Juditha,Klewi,,Female,208-02-3607
959,Honor,Sclater,hsclaterqm@latimes.com,Female,518-95-3635
960,Cassie,Pittham,,Male,175-67-6384
961,Tybie,Lathe,,Female,310-79-9985
962,Shandeigh,Edlyne,sedlyneqp@woothemes.com,,328-73-1900
963,Ginger,Bourdel,,Female,262-55-8216
964,Brewer,Timblett,btimblettqr@soundcloud.com,Male,363-61-5720
965,Del,Easter,deasterqs@ow.ly,Male,327-96-1686
966,Gun,Hosier,ghosierqt@cmu.edu,Agender,140-84-4679
967,Gannie,Matteacci,gmatteacciqu@paginegialle.it,Male,142-30-7484
968,Eduino,Trunchion,etrunchionqv@google.nl,Male,641-01-2416
969,Umberto,Keller,ukellerqw@privacy.gov.au,,103-03-8370
970,Boothe,Hadlow,bhadlowqx@t-online.de,Male,213-25-9897
971,Norbie,Gronno,ngronnoqy@technorati.com,Male,824-92-2170
972,Krissy,Garrood,kgarroodqz@tmall.com,Female,657-93-9193
973,Jareb,Shimwall,,Male,146-51-3586
974,Maitilde,Lillicrap,mlillicrapr1@phpbb.com,Female,349-13-6857
975,Edythe,McIlraith,emcilraithr2@xing.com,Female,608-57-1496
976,Ardelle,Strutley,astrutleyr3@taobao.com,Female,766-57-3271
977,Hamlen,Lukasik,hlukasikr4@google.ca,Male,826-28-8661
978,Nikolai,Mingaye,nmingayer5@ucsd.edu,Male,730-97-8222
979,Antons,McBrier,amcbrierr6@statcounter.com,Male,118-93-9146
980,Erie,Novelli,enovellir7@ted.com,Male,274-55-5539
981,Tisha,Hugonnet,,Female,574-98-2775
982,Vonnie,Mousby,vmousbyr9@economist.com,Female,625-73-0239
983,Eve,Rainger,eraingerra@twitpic.com,Female,327-08-9161
984,Krystalle,Milham,kmilhamrb@blogtalkradio.com,Female,257-59-5938
985,Wyatt,Domney,wdomneyrc@un.org,Male,889-30-5117
986,Carlie,Maylor,cmaylorrd@usgs.gov,Male,242-55-5702
987,Lorie,Fellnee,lfellneere@bbb.org,Female,124-41-3183
988,Shauna,Pockey,spockeyrf@phpbb.com,Female,385-42-1263
989,Simonette,Hawker,,Female,209-81-5083
990,Leshia,Parslow,,Female,781-82-2955
991,Kamila,Duffan,kduffanri@multiply.com,Genderfluid,164-94-0977
992,Leonard,Dollimore,ldollimorerj@imdb.com,Male,172-55-2180
993,Albert,Mogie,amogierk@irs.gov,Male,270-96-0751
994,Link,Hugett,lhugettrl@ycombinator.com,Genderqueer,698-62-6481
995,Katherina,Spellman,,Female,102-53-3580
996,Sergei,Alvis,salvisrn@fastcompany.com,Male,314-46-2735
997,Lilas,Conrath,lconrathro@discovery.com,Female,326-81-9912
998,Taber,Goodlad,,Male,339-47-8077
999,Elisha,Poleye,,Male,401-68-8698
1000,Whitman,Peile,wpeilerr@mit.edu,Male,161-74-1387
