id,first_name,last_name,email,gender,ssn
1,Idalina,Vondrak,idalinavondrak3125@mail.weber.edu,Female,561-85-3125
2,Lani,Baukham,lanibaukham2698@mail.weber.edu,Female,869-11-2698
3,Keely,Charte,keelycharte2952@mail.weber.edu,Female,852-38-2952
4,Major,Furlow,majorfurlow3404@mail.weber.edu,Male,210-37-3404
5,Alyda,Lippatt,alydalippatt7488@mail.weber.edu,Female,280-80-7488
6,Ingaberg,Dugue,ingabergdugue7655@mail.weber.edu,Female,103-33-7655
7,Si,Slixby,sislixby9470@mail.weber.edu,Male,331-15-9470
8,Jeanne,Magnay,jeannemagnay8990@mail.weber.edu,Female,176-32-8990
9,Rebbecca,Gathercole,rebbeccagathercole2345@mail.weber.edu,Non-binary,489-80-2345
10,King,Minguet,kingminguet5845@mail.weber.edu,Male,526-40-5845
11,Zacharia,Mathys,zachariamathys9700@mail.weber.edu,Male,587-13-9700
12,Adams,Pinkney,adamspinkney8692@mail.weber.edu,Male,493-66-8692
13,Germaine,Barnsdall,germainebarnsdall3754@mail.weber.edu,Male,808-20-3754
14,Durward,Watting,durwardwatting5571@mail.weber.edu,Bigender,496-11-5571
15,Jonah,McAlinden,jonahmcalinden5550@mail.weber.edu,Male,709-83-5550
16,Kania,Werndly,kaniawerndly6004@mail.weber.edu,Female,515-56-6004
17,Louella,Bloxam,louellabloxam1140@mail.weber.edu,Female,814-59-1140
18,Reynolds,Muirden,reynoldsmuirden7436@mail.weber.edu,Male,712-58-7436
19,Sheelagh,Broadey,sheelaghbroadey6688@mail.weber.edu,Female,617-98-6688
20,Simonette,Fulger,simonettefulger2855@mail.weber.edu,Female,796-29-2855
21,Shaylyn,Brende,shaylynbrende6928@mail.weber.edu,Female,814-43-6928
22,Cullen,Djorvic,cullendjorvic2104@mail.weber.edu,Male,446-37-2104
23,Yvette,Sansam,yvettesansam2409@mail.weber.edu,Female,806-29-2409
24,Olva,Laundon,olvalaundon6037@mail.weber.edu,Female,169-69-6037
25,Gian,Raynor,gianraynor3086@mail.weber.edu,Male,202-11-3086
26,Ashlen,Andriveaux,ashlenandriveaux1510@mail.weber.edu,,580-41-1510
27,Frank,Pane,frankpane4309@mail.weber.edu,Male,761-45-4309
28,Rance,Stedson,rancestedson7788@mail.weber.edu,Male,786-17-7788
29,Britte,Zukerman,brittezukerman6116@mail.weber.edu,Female,867-26-6116
30,Lesley,Toffolo,lesleytoffolo7771@mail.weber.edu,Male,313-80-7771
31,Feliks,Lambal,felikslambal8771@mail.weber.edu,Male,679-45-8771
32,Lorita,Gormally,loritagormally5844@mail.weber.edu,Female,668-41-5844
33,Josselyn,Bilton,josselynbilton3161@mail.weber.edu,Female,221-38-3161
34,Kiah,How,kiahhow5037@mail.weber.edu,Female,320-45-5037
35,Sullivan,Blonden,sullivanblonden8913@mail.weber.edu,Male,743-40-8913
36,James,Swancock,jamesswancock4590@mail.weber.edu,Male,654-60-4590
37,Jay,Hampton,jayhampton2200@mail.weber.edu,Male,387-33-2200
38,Caren,Waddell,carenwaddell1654@mail.weber.edu,Agender,512-26-1654
39,Vikki,Pero,vikkipero8661@mail.weber.edu,Female,345-42-8661
40,Claudette,Ruppertz,claudetteruppertz1276@mail.weber.edu,Female,885-37-1276
41,Alys,Hubbard,alyshubbard5041@mail.weber.edu,Female,507-91-5041
42,Saw,Pea,sawpea4400@mail.weber.edu,Agender,870-54-4400
43,Delphinia,Belford,delphiniabelford4349@mail.weber.edu,Female,793-77-4349
44,Karla,Domelow,karladomelow7351@mail.weber.edu,Female,798-08-7351
45,Rhodie,Micheu,rhodiemicheu6848@mail.weber.edu,Female,738-52-6848
46,Freeland,Wallace,freelandwallace7536@mail.weber.edu,Male,179-99-7536
47,Nicolina,Ottawell,nicolinaottawell9651@mail.weber.edu,Female,325-11-9651
48,Harriette,Shobbrook,harrietteshobbrook6667@mail.weber.edu,Female,749-77-6667
49,Finlay,Roalfe,finlayroalfe4381@mail.weber.edu,Male,483-55-4381
50,Molly,Artis,mollyartis5585@mail.weber.edu,Genderqueer,595-42-5585
51,Pooh,Giraudy,poohgiraudy1602@mail.weber.edu,Male,729-77-1602
52,Phyllis,Orehead,phyllisorehead6177@mail.weber.edu,Female,798-20-6177
53,Julienne,Rosser,juliennerosser9264@mail.weber.edu,Female,620-51-9264
54,Jordain,Totman,jordaintotman8593@mail.weber.edu,Female,174-10-8593
55,Klarrisa,Ridings,klarrisaridings4911@mail.weber.edu,Female,619-38-4911
56,Montgomery,Turtle,montgomeryturtle0745@mail.weber.edu,Male,460-95-0745
57,Bentley,Terrington,bentleyterrington6366@mail.weber.edu,Male,827-71-6366
58,Gar,Edgett,garedgett1332@mail.weber.edu,Male,142-56-1332
59,Jennilee,Atto,jennileeatto9361@mail.weber.edu,,760-13-9361
60,Cynthie,Loody,cynthieloody2803@mail.weber.edu,Female,884-99-2803
61,Ophelie,McGowan,opheliemcgowan4559@mail.weber.edu,Agender,726-52-4559
62,April,Willgoose,aprilwillgoose1272@mail.weber.edu,Female,426-68-1272
63,Pat,Loy,patloy7504@mail.weber.edu,Female,338-74-7504
64,Mirabella,Newvill,mirabellanewvill2890@mail.weber.edu,Female,134-22-2890
65,Cindie,MacParlan,cindiemacparlan4758@mail.weber.edu,,792-62-4758
66,Fanny,Lincke,fannylincke7183@mail.weber.edu,Genderqueer,150-10-7183
67,Tucker,Padley,tuckerpadley4852@mail.weber.edu,Polygender,207-83-4852
68,Ibbie,Sidle,ibbiesidle3725@mail.weber.edu,Female,872-89-3725
69,Lucio,Van Dijk,luciovan dijk8827@mail.weber.edu,Male,572-90-8827
70,Elliot,Theurer,elliottheurer2171@mail.weber.edu,Male,280-13-2171
71,Holli,Laughrey,hollilaughrey2175@mail.weber.edu,Female,288-03-2175
72,Florida,Ellwell,floridaellwell5495@mail.weber.edu,Female,463-49-5495
73,Alfonso,Floch,alfonsofloch3105@mail.weber.edu,Male,622-91-3105
74,Korry,Tailby,korrytailby5860@mail.weber.edu,Female,520-57-5860
75,Ingemar,Gemlett,ingemargemlett8596@mail.weber.edu,,110-74-8596
76,Adda,Shrieve,addashrieve6192@mail.weber.edu,Female,732-59-6192
77,Cristian,Van Hesteren,cristianvan hesteren4516@mail.weber.edu,Male,650-25-4516
78,Kermy,Stilgoe,kermystilgoe0141@mail.weber.edu,Bigender,556-62-0141
79,Freddie,Pancast,freddiepancast4186@mail.weber.edu,Female,739-84-4186
80,Estelle,Boraston,estelleboraston3438@mail.weber.edu,Female,503-59-3438
81,Thorny,Pichmann,thornypichmann0790@mail.weber.edu,Male,565-85-0790
82,Kalle,Peetermann,kallepeetermann8715@mail.weber.edu,,220-82-8715
83,Ilise,Steagall,ilisesteagall1893@mail.weber.edu,Female,697-08-1893
84,Bowie,Medling,bowiemedling8058@mail.weber.edu,Male,787-06-8058
85,Steward,Goude,stewardgoude2361@mail.weber.edu,Male,577-43-2361
86,Bert,Stockin,bertstockin8344@mail.weber.edu,Female,226-45-8344
87,Konstanze,Compfort,konstanzecompfort2775@mail.weber.edu,Female,696-22-2775
88,Glen,Foulis,glenfoulis5235@mail.weber.edu,Female,269-89-5235
89,Bourke,McAllan,bourkemcallan4185@mail.weber.edu,Male,776-31-4185
90,Milzie,Jowers,milziejowers0145@mail.weber.edu,Female,830-29-0145
91,Dwain,Abbots,dwainabbots4638@mail.weber.edu,Male,742-97-4638
92,Amil,Kunc,amilkunc6158@mail.weber.edu,Female,187-12-6158
93,Ezmeralda,Haimes,ezmeraldahaimes7150@mail.weber.edu,Female,531-38-7150
94,Aldric,Vedeshkin,aldricvedeshkin3605@mail.weber.edu,Male,812-14-3605
95,Lucilia,Mathissen,luciliamathissen5446@mail.weber.edu,Female,681-92-5446
96,Darline,Eisold,darlineeisold7298@mail.weber.edu,Female,776-07-7298
97,Harmonie,Watsham,harmoniewatsham7473@mail.weber.edu,Female,205-53-7473
98,Mickie,Basire,mickiebasire1585@mail.weber.edu,Female,603-32-1585
99,Eduard,Chesshyre,eduardchesshyre0739@mail.weber.edu,Male,732-80-0739
100,Odetta,Snadden,odettasnadden9615@mail.weber.edu,Female,832-56-9615
101,Brose,Felder,brosefelder9859@mail.weber.edu,Male,876-12-9859
102,Stacy,Houchen,stacyhouchen2226@mail.weber.edu,Female,589-99-2226
103,Agustin,Petrus,agustinpetrus9636@mail.weber.edu,Male,272-25-9636
104,Ceciley,Gillice,cecileygillice4268@mail.weber.edu,Female,719-61-4268
105,Hastie,Kilgrew,hastiekilgrew6174@mail.weber.edu,,191-06-6174
106,Robby,Poge,robbypoge2782@mail.weber.edu,Male,602-25-2782
107,Gladys,Pedycan,gladyspedycan6355@mail.weber.edu,Female,784-50-6355
108,Bart,Dorkens,bartdorkens6813@mail.weber.edu,Male,702-92-6813
109,Trenton,Petschelt,trentonpetschelt0386@mail.weber.edu,Male,732-84-0386
110,Lynda,Connell,lyndaconnell5369@mail.weber.edu,Genderqueer,851-06-5369
111,Isidoro,Tenbrug,isidorotenbrug4760@mail.weber.edu,Male,348-39-4760
112,Noni,Ivy,noniivy9428@mail.weber.edu,Female,836-33-9428
113,Adella,Buck,adellabuck4632@mail.weber.edu,Female,287-41-4632
114,Codie,Icke,codieicke2448@mail.weber.edu,Male,597-59-2448
115,Joey,Green,joeygreen8129@mail.weber.edu,Male,452-85-8129
116,Gilles,Catchpole,gillescatchpole0642@mail.weber.edu,Male,676-80-0642
117,Pierson,Wash,piersonwash7668@mail.weber.edu,Male,605-38-7668
118,Philippe,Dawby,philippedawby0109@mail.weber.edu,Female,671-34-0109
119,Dusty,Rothera,dustyrothera2104@mail.weber.edu,Female,139-52-2104
120,Trudie,Arton,trudiearton7984@mail.weber.edu,Female,226-49-7984
121,Esmeralda,Denisyev,esmeraldadenisyev0862@mail.weber.edu,Female,571-28-0862
122,Kelsey,Gregine,kelseygregine8801@mail.weber.edu,Female,174-43-8801
123,Wallis,Tewes,wallistewes6433@mail.weber.edu,Male,463-31-6433
124,Emelita,Boutcher,emelitaboutcher1506@mail.weber.edu,Female,749-33-1506
125,Avivah,Preece,avivahpreece3261@mail.weber.edu,Female,477-99-3261
126,Martin,Montgomery,martinmontgomery8197@mail.weber.edu,Male,699-60-8197
127,Wells,Corrett,wellscorrett6400@mail.weber.edu,Male,243-85-6400
128,Borden,Tomes,bordentomes6577@mail.weber.edu,Male,110-53-6577
129,Viviyan,Imrie,viviyanimrie2402@mail.weber.edu,Female,689-70-2402
130,Nikolas,Wisham,nikolaswisham9897@mail.weber.edu,Male,488-98-9897
131,Tiffy,Garn,tiffygarn6500@mail.weber.edu,Female,466-30-6500
132,Gris,Brok,grisbrok3191@mail.weber.edu,Male,363-74-3191
133,Meggi,Hourihan,meggihourihan7021@mail.weber.edu,Female,460-36-7021
134,Rose,Itzakson,roseitzakson2454@mail.weber.edu,Female,401-44-2454
135,Lorilee,Grossier,lorileegrossier3612@mail.weber.edu,Bigender,753-47-3612
136,Noelani,Devennie,noelanidevennie4832@mail.weber.edu,Female,526-15-4832
137,Lura,Daws,luradaws9603@mail.weber.edu,Female,640-57-9603
138,Aura,Jeschner,aurajeschner0540@mail.weber.edu,Female,631-56-0540
139,Reta,Hebron,retahebron0005@mail.weber.edu,Female,432-79-0005
140,Amber,Duggon,amberduggon1223@mail.weber.edu,Female,661-28-1223
141,Court,Sutherley,courtsutherley5263@mail.weber.edu,Male,832-18-5263
142,Nichole,Clifft,nicholeclifft5247@mail.weber.edu,Male,518-97-5247
143,Yancey,Jambrozek,yanceyjambrozek6993@mail.weber.edu,Male,400-79-6993
144,Brunhilde,Holborn,brunhildeholborn7693@mail.weber.edu,Female,247-68-7693
145,Hazel,Persitt,hazelpersitt5596@mail.weber.edu,Male,831-82-5596
146,Gun,Howley,gunhowley8939@mail.weber.edu,Male,832-97-8939
147,Hashim,MacKnight,hashimmacknight7053@mail.weber.edu,,227-46-7053
148,Annice,Steers,annicesteers2320@mail.weber.edu,Female,181-95-2320
149,Shaine,McLuckie,shainemcluckie4260@mail.weber.edu,Male,262-92-4260
150,George,Mayhead,georgemayhead2632@mail.weber.edu,Female,288-23-2632
151,Stormy,Bennike,stormybennike1978@mail.weber.edu,Female,358-01-1978
152,Magdalena,Bradberry,magdalenabradberry9355@mail.weber.edu,Female,169-64-9355
153,Keefe,Macconaghy,keefemacconaghy2925@mail.weber.edu,Male,834-88-2925
154,Ozzy,Welling,ozzywelling0836@mail.weber.edu,Male,476-24-0836
155,Enrika,Rojel,enrikarojel6988@mail.weber.edu,Female,634-75-6988
156,Mame,Holcroft,mameholcroft3445@mail.weber.edu,Female,511-44-3445
157,Jock,Hortop,jockhortop1287@mail.weber.edu,Agender,372-23-1287
158,Preston,Frodsham,prestonfrodsham9642@mail.weber.edu,Male,149-20-9642
159,Hanni,Vina,hannivina9814@mail.weber.edu,Female,785-60-9814
160,Erek,Dreigher,erekdreigher7424@mail.weber.edu,Male,843-08-7424
161,Hayden,Titterrell,haydentitterrell2728@mail.weber.edu,Male,895-80-2728
162,Abbe,Havard,abbehavard9418@mail.weber.edu,Male,505-95-9418
163,Marrilee,Dumphy,marrileedumphy9819@mail.weber.edu,,578-05-9819
164,Fredek,Gorrissen,fredekgorrissen2977@mail.weber.edu,Male,660-19-2977
165,Archie,Gershom,archiegershom0777@mail.weber.edu,Male,723-83-0777
166,Tuckie,Huxter,tuckiehuxter5809@mail.weber.edu,Male,311-33-5809
167,Aubrey,Masserel,aubreymasserel4671@mail.weber.edu,Male,831-25-4671
168,Laurianne,Marrow,lauriannemarrow4083@mail.weber.edu,Female,707-65-4083
169,Brien,Kintzel,brienkintzel4662@mail.weber.edu,Male,203-28-4662
170,Erica,Buckle,ericabuckle0022@mail.weber.edu,Female,577-43-0022
171,Genia,O'Dougherty,geniao'dougherty6817@mail.weber.edu,Female,771-72-6817
172,Barrie,Lissandre,barrielissandre2818@mail.weber.edu,Male,698-03-2818
173,Rainer,Sawford,rainersawford0643@mail.weber.edu,Male,643-52-0643
174,Fowler,Urvoy,fowlerurvoy5547@mail.weber.edu,Male,582-88-5547
175,Nikoletta,Legerwood,nikolettalegerwood0177@mail.weber.edu,Polygender,765-25-0177
176,Darelle,Tonkes,darelletonkes5232@mail.weber.edu,Female,610-12-5232
177,Frederic,Fortnon,fredericfortnon3191@mail.weber.edu,Male,623-88-3191
178,Stan,Wakeley,stanwakeley3491@mail.weber.edu,Male,169-70-3491
179,Stirling,Eastlake,stirlingeastlake0431@mail.weber.edu,Male,880-60-0431
180,Bo,Philipet,bophilipet6837@mail.weber.edu,Male,872-48-6837
181,Elvyn,Brandt,elvynbrandt8768@mail.weber.edu,Male,831-29-8768
182,Othella,Gorry,othellagorry7698@mail.weber.edu,Female,883-35-7698
183,Bertine,Linklater,bertinelinklater2879@mail.weber.edu,Polygender,110-28-2879
184,Ingamar,Phelit,ingamarphelit7796@mail.weber.edu,Male,884-50-7796
185,Dani,Gaffon,danigaffon2895@mail.weber.edu,Male,256-11-2895
186,Frannie,Carman,franniecarman0514@mail.weber.edu,Agender,312-80-0514
187,Carmine,Stoner,carminestoner3139@mail.weber.edu,Female,805-07-3139
188,Korry,Pieters,korrypieters4468@mail.weber.edu,,219-51-4468
189,Kile,Slatford,kileslatford7644@mail.weber.edu,Genderqueer,654-27-7644
190,George,Pieper,georgepieper4363@mail.weber.edu,,260-39-4363
191,Patrizia,Cowton,patriziacowton4420@mail.weber.edu,Female,654-40-4420
192,Amalie,Shadfourth,amalieshadfourth5268@mail.weber.edu,Female,545-35-5268
193,Dredi,Scimoni,drediscimoni9889@mail.weber.edu,Female,223-12-9889
194,Thadeus,McIlhatton,thadeusmcilhatton6406@mail.weber.edu,Male,482-48-6406
195,Haywood,Jurczyk,haywoodjurczyk4925@mail.weber.edu,Male,643-93-4925
196,Zsazsa,Ayton,zsazsaayton4928@mail.weber.edu,Female,864-87-4928
197,Dotty,Barford,dottybarford3110@mail.weber.edu,Female,345-14-3110
198,Philis,Gibberd,philisgibberd7526@mail.weber.edu,Female,320-03-7526
199,Ellsworth,Colloff,ellsworthcolloff8206@mail.weber.edu,Male,234-59-8206
200,Amanda,Bingall,amandabingall3636@mail.weber.edu,Female,303-55-3636
201,Rici,Nabbs,ricinabbs7654@mail.weber.edu,Female,806-45-7654
202,Jo-anne,Westoff,jo-annewestoff3143@mail.weber.edu,Female,214-61-3143
203,Winfred,Proschek,winfredproschek0136@mail.weber.edu,Male,571-43-0136
204,Shannon,Baud,shannonbaud8819@mail.weber.edu,Male,137-91-8819
205,Mavra,Brosel,mavrabrosel8307@mail.weber.edu,Female,812-20-8307
206,Verney,Schutt,verneyschutt0470@mail.weber.edu,,803-60-0470
207,Marna,Casaroli,marnacasaroli4530@mail.weber.edu,Female,269-58-4530
208,Cal,Triswell,caltriswell3537@mail.weber.edu,Male,638-47-3537
209,Hastings,McMyler,hastingsmcmyler8555@mail.weber.edu,Male,555-76-8555
210,Winona,Martschik,winonamartschik8613@mail.weber.edu,Female,216-03-8613
211,Tracey,Dufton,traceydufton5087@mail.weber.edu,Male,171-78-5087
212,Kory,Fattorini,koryfattorini5460@mail.weber.edu,Male,494-29-5460
213,Che,McGruar,chemcgruar3242@mail.weber.edu,Male,841-85-3242
214,Crystal,Warcup,crystalwarcup5580@mail.weber.edu,Female,823-37-5580
215,Daven,Thurman,daventhurman8370@mail.weber.edu,Male,773-14-8370
216,Rosaline,Jannaway,rosalinejannaway6087@mail.weber.edu,Female,356-76-6087
217,Dianne,Shaplin,dianneshaplin5932@mail.weber.edu,Female,283-28-5932
218,Florie,Moorcraft,floriemoorcraft2943@mail.weber.edu,Female,874-37-2943
219,Rancell,Cordet,rancellcordet4489@mail.weber.edu,Non-binary,381-93-4489
220,Dee dee,Dorot,dee deedorot8887@mail.weber.edu,Female,294-89-8887
221,Mary,Joul,maryjoul5216@mail.weber.edu,Female,749-22-5216
222,Lorena,Alessandretti,lorenaalessandretti4899@mail.weber.edu,Female,686-51-4899
223,Faustina,Gainsbury,faustinagainsbury3024@mail.weber.edu,Female,447-89-3024
224,Eloisa,Doick,eloisadoick6375@mail.weber.edu,Female,824-02-6375
225,Lamont,Priddy,lamontpriddy8129@mail.weber.edu,Male,296-90-8129
226,Tracie,Jerisch,traciejerisch2081@mail.weber.edu,Male,312-21-2081
227,Corene,Lamball,corenelamball4184@mail.weber.edu,Female,574-78-4184
228,Paton,Krysiak,patonkrysiak4460@mail.weber.edu,Male,285-78-4460
229,Rodrigo,Killingback,rodrigokillingback4796@mail.weber.edu,Male,328-12-4796
230,Gerladina,Mildmott,gerladinamildmott1079@mail.weber.edu,Female,703-54-1079
231,Kalil,Thorrington,kalilthorrington9670@mail.weber.edu,Male,544-43-9670
232,Veriee,De Meyer,verieede meyer7326@mail.weber.edu,Female,189-01-7326
233,Paulo,Shemming,pauloshemming4387@mail.weber.edu,Male,197-06-4387
234,Brnaby,Message,brnabymessage2215@mail.weber.edu,Male,501-15-2215
235,Walt,Kinahan,waltkinahan4462@mail.weber.edu,Bigender,287-81-4462
236,Alana,Rubinchik,alanarubinchik8408@mail.weber.edu,,582-33-8408
237,Desmond,Norwich,desmondnorwich4127@mail.weber.edu,Male,559-31-4127
238,Reynard,Shillam,reynardshillam4138@mail.weber.edu,Male,475-42-4138
239,Cassey,Wennington,casseywennington3356@mail.weber.edu,Female,610-75-3356
240,Ryun,Staddon,ryunstaddon0181@mail.weber.edu,,597-66-0181
241,Rourke,Huddart,rourkehuddart8629@mail.weber.edu,Male,756-52-8629
242,Gavin,Curbishley,gavincurbishley8623@mail.weber.edu,Male,187-94-8623
243,Petr,Garvey,petrgarvey1494@mail.weber.edu,Male,165-87-1494
244,Anita,Leethem,anitaleethem9163@mail.weber.edu,Female,345-62-9163
245,Nicol,Freer,nicolfreer4102@mail.weber.edu,,303-76-4102
246,Florentia,Ramard,florentiaramard2160@mail.weber.edu,Female,415-18-2160
247,Bard,Bucham,bardbucham3788@mail.weber.edu,Male,242-90-3788
248,Hamish,Langrish,hamishlangrish0429@mail.weber.edu,Male,107-44-0429
249,Phip,Storrock,phipstorrock2974@mail.weber.edu,Male,720-25-2974
250,Karlyn,Spurden,karlynspurden3995@mail.weber.edu,Female,179-61-3995
251,Ham,Curtis,hamcurtis7674@mail.weber.edu,Male,163-76-7674
252,Eolanda,Paulus,eolandapaulus2369@mail.weber.edu,Female,724-26-2369
253,Katrina,Unworth,katrinaunworth2560@mail.weber.edu,Female,847-35-2560
254,Roseann,Berk,roseannberk3733@mail.weber.edu,Female,333-92-3733
255,Armin,Annett,arminannett5173@mail.weber.edu,Male,795-27-5173
256,Cordy,Cordery,cordycordery5907@mail.weber.edu,Non-binary,176-84-5907
257,Trefor,Girardi,treforgirardi2830@mail.weber.edu,Male,854-78-2830
258,Mitchael,Lunnon,mitchaellunnon9864@mail.weber.edu,Male,826-35-9864
259,Simona,Godlee,simonagodlee6363@mail.weber.edu,Female,308-02-6363
260,Wernher,Pennetti,wernherpennetti8249@mail.weber.edu,Male,405-08-8249
261,Humbert,Wraighte,humbertwraighte4096@mail.weber.edu,Male,135-30-4096
262,Angel,Matushevich,angelmatushevich8859@mail.weber.edu,Male,659-16-8859
263,Dalila,Michelin,dalilamichelin7704@mail.weber.edu,Female,329-89-7704
264,Eustace,Mowett,eustacemowett3983@mail.weber.edu,Male,841-57-3983
265,Gilbertina,Lathan,gilbertinalathan6832@mail.weber.edu,Female,702-88-6832
266,Randee,Bedboro,randeebedboro4716@mail.weber.edu,Female,320-71-4716
267,Deane,Grancher,deanegrancher7768@mail.weber.edu,Male,415-99-7768
268,Analise,Boutellier,analiseboutellier1254@mail.weber.edu,Female,778-54-1254
269,Leroi,Mouser,leroimouser0665@mail.weber.edu,Male,319-74-0665
270,Dorey,Heffernan,doreyheffernan3851@mail.weber.edu,Male,732-26-3851
271,Annaliese,Ebanks,annalieseebanks0976@mail.weber.edu,Bigender,473-27-0976
272,Carter,Bolstridge,carterbolstridge6779@mail.weber.edu,Male,301-07-6779
273,Ester,Birchett,esterbirchett8393@mail.weber.edu,Female,606-14-8393
274,Nollie,Krugmann,nolliekrugmann5639@mail.weber.edu,Female,811-85-5639
275,Skelly,Valadez,skellyvaladez2879@mail.weber.edu,Male,711-03-2879
276,Fitz,Tallent,fitztallent0998@mail.weber.edu,Male,424-95-0998
277,Mia,Clemson,miaclemson7750@mail.weber.edu,Female,551-80-7750
278,Clem,Witherdon,clemwitherdon1962@mail.weber.edu,Male,595-69-1962
279,Astrix,Andino,astrixandino2442@mail.weber.edu,Female,423-80-2442
280,Thomas,Curd,thomascurd3769@mail.weber.edu,,377-59-3769
281,Aurelea,Commucci,aureleacommucci8907@mail.weber.edu,Female,344-15-8907
282,Peggie,Eberts,peggieeberts1353@mail.weber.edu,,877-40-1353
283,Chanda,O'Scannill,chandao'scannill5452@mail.weber.edu,Female,630-47-5452
284,Rafi,Pessel,rafipessel1776@mail.weber.edu,Genderfluid,327-59-1776
285,Kahaleel,Janaud,kahaleeljanaud3684@mail.weber.edu,Male,301-47-3684
286,Opalina,Maginot,opalinamaginot4449@mail.weber.edu,,869-03-4449
287,Harry,Coyne,harrycoyne6066@mail.weber.edu,Male,739-76-6066
288,Ignazio,Hampson,ignaziohampson9404@mail.weber.edu,Male,479-98-9404
289,Cornell,Healing,cornellhealing0909@mail.weber.edu,Bigender,407-70-0909
290,Cordy,Mc Caghan,cordymc caghan1197@mail.weber.edu,Female,684-93-1197
291,Parke,Goggen,parkegoggen3014@mail.weber.edu,Male,259-85-3014
292,Costa,Heber,costaheber7923@mail.weber.edu,Male,783-04-7923
293,Rollin,Beining,rollinbeining5274@mail.weber.edu,Male,397-05-5274
294,Dani,Dawe,danidawe8706@mail.weber.edu,Female,542-75-8706
295,Sande,Cisneros,sandecisneros8961@mail.weber.edu,Female,748-80-8961
296,Cordie,O' Connell,cordieo' connell2077@mail.weber.edu,Female,840-62-2077
297,Bear,Erswell,bearerswell1499@mail.weber.edu,Male,791-62-1499
298,Daniele,Capehorn,danielecapehorn0107@mail.weber.edu,Female,409-77-0107
299,Anatol,Grealey,anatolgrealey8254@mail.weber.edu,Agender,586-14-8254
300,Mendie,Meegan,mendiemeegan0169@mail.weber.edu,Male,145-33-0169
301,Gabbey,Bonsale,gabbeybonsale3538@mail.weber.edu,Female,672-91-3538
302,Amii,Hebden,amiihebden9950@mail.weber.edu,Non-binary,854-67-9950
303,Caddric,Fritschmann,caddricfritschmann9419@mail.weber.edu,Male,276-14-9419
304,Jenifer,Fittes,jeniferfittes5174@mail.weber.edu,,318-15-5174
305,Corina,Colgrave,corinacolgrave0689@mail.weber.edu,Female,272-08-0689
306,Romona,Cafe,romonacafe1055@mail.weber.edu,Female,891-68-1055
307,Ileane,Thorsby,ileanethorsby7241@mail.weber.edu,Female,170-27-7241
308,Meredithe,Bealton,meredithebealton6084@mail.weber.edu,Female,607-19-6084
309,Ives,Chambers,iveschambers9155@mail.weber.edu,Male,421-48-9155
310,Fonsie,Bassano,fonsiebassano2235@mail.weber.edu,,369-35-2235
311,Nolan,Eighteen,nolaneighteen5996@mail.weber.edu,Male,104-90-5996
312,Bradford,Olohan,bradfordolohan1726@mail.weber.edu,Male,236-48-1726
313,Darb,Wellsman,darbwellsman7772@mail.weber.edu,Male,849-13-7772
314,Marwin,Artrick,marwinartrick2957@mail.weber.edu,Male,183-59-2957
315,Legra,Scanlin,legrascanlin8254@mail.weber.edu,Female,472-34-8254
316,Britt,Kuhlen,brittkuhlen9650@mail.weber.edu,Female,745-17-9650
317,Mellie,Murt,melliemurt5880@mail.weber.edu,Female,517-53-5880
318,Lock,Langthorne,locklangthorne0168@mail.weber.edu,Male,742-59-0168
319,Kenna,Freire,kennafreire3825@mail.weber.edu,Female,788-26-3825
320,Codi,Shields,codishields8943@mail.weber.edu,Male,851-01-8943
321,Eldon,Freeth,eldonfreeth0273@mail.weber.edu,Male,174-65-0273
322,Waldo,Stroobant,waldostroobant2737@mail.weber.edu,Male,491-91-2737
323,Cornie,Knocker,cornieknocker7324@mail.weber.edu,Male,341-34-7324
324,Adena,Fibbit,adenafibbit9007@mail.weber.edu,Female,594-07-9007
325,Maxie,Robbe,maxierobbe8270@mail.weber.edu,Male,605-76-8270
326,Ramonda,Trustey,ramondatrustey8027@mail.weber.edu,Female,790-06-8027
327,Correna,Burgett,correnaburgett6536@mail.weber.edu,Female,211-55-6536
328,Selig,Trathan,seligtrathan9772@mail.weber.edu,Male,121-48-9772
329,Trudi,Kibby,trudikibby9721@mail.weber.edu,Female,778-35-9721
330,Micky,Marian,mickymarian9314@mail.weber.edu,Female,191-94-9314
331,Claude,Braybrookes,claudebraybrookes9156@mail.weber.edu,Female,812-64-9156
332,Jaquenette,Boman,jaquenetteboman0768@mail.weber.edu,,735-19-0768
333,Madeline,Astman,madelineastman0560@mail.weber.edu,Female,704-26-0560
334,Myrtle,Kingscote,myrtlekingscote0851@mail.weber.edu,Female,696-54-0851
335,Berni,Clendening,berniclendening8262@mail.weber.edu,Female,786-84-8262
336,Roseanna,Jouen,roseannajouen1935@mail.weber.edu,Female,166-97-1935
337,Kristos,Dethloff,kristosdethloff8100@mail.weber.edu,Male,857-22-8100
338,Vivianne,Olphert,vivianneolphert2162@mail.weber.edu,Female,581-04-2162
339,Minerva,Lorriman,minervalorriman4052@mail.weber.edu,Female,358-79-4052
340,Lorrayne,Levings,lorraynelevings5516@mail.weber.edu,Female,610-13-5516
341,Dyanne,Waymont,dyannewaymont6047@mail.weber.edu,Female,365-14-6047
342,Merna,Rubinshtein,mernarubinshtein5964@mail.weber.edu,Genderfluid,706-82-5964
343,Anson,Fountian,ansonfountian9651@mail.weber.edu,Male,438-12-9651
344,Meredith,Mioni,meredithmioni3840@mail.weber.edu,Non-binary,619-10-3840
345,Esmaria,Feltham,esmariafeltham3631@mail.weber.edu,Female,868-71-3631
346,Carmine,Daggett,carminedaggett1521@mail.weber.edu,Male,832-81-1521
347,Aggie,Sweating,aggiesweating7143@mail.weber.edu,Female,711-99-7143
348,Raddie,Earnshaw,raddieearnshaw2010@mail.weber.edu,,129-57-2010
349,Alexandr,Duckfield,alexandrduckfield0477@mail.weber.edu,Male,821-71-0477
350,Celestia,Cadalleder,celestiacadalleder5162@mail.weber.edu,Female,579-70-5162
351,Biron,Laurenson,bironlaurenson8371@mail.weber.edu,Male,702-69-8371
352,Collin,Audibert,collinaudibert8515@mail.weber.edu,Male,227-67-8515
353,Humphrey,Semonin,humphreysemonin1552@mail.weber.edu,Male,638-57-1552
354,Raffarty,O'Regan,raffartyo'regan2408@mail.weber.edu,Male,231-26-2408
355,Linnell,Springford,linnellspringford8328@mail.weber.edu,Female,395-13-8328
356,Tymothy,Dahlman,tymothydahlman8129@mail.weber.edu,Male,696-74-8129
357,Minny,Fould,minnyfould7056@mail.weber.edu,Female,646-76-7056
358,Aurthur,Pollak,aurthurpollak9117@mail.weber.edu,Male,398-27-9117
359,Allen,Sheaber,allensheaber4810@mail.weber.edu,Male,608-76-4810
360,Katha,Rosendahl,katharosendahl3118@mail.weber.edu,Female,488-08-3118
361,Nicki,Scrimgeour,nickiscrimgeour0097@mail.weber.edu,Female,404-82-0097
362,Randal,Toulson,randaltoulson0194@mail.weber.edu,,593-24-0194
363,Josiah,Bottomley,josiahbottomley2180@mail.weber.edu,Male,613-02-2180
364,Lissa,Emlen,lissaemlen1749@mail.weber.edu,Female,440-53-1749
365,Sancho,Whiteson,sanchowhiteson3395@mail.weber.edu,Male,322-48-3395
366,Vonny,Cowlishaw,vonnycowlishaw7215@mail.weber.edu,Female,884-60-7215
367,Cesya,Biscomb,cesyabiscomb2001@mail.weber.edu,Female,183-18-2001
368,Brinn,Pritchard,brinnpritchard2623@mail.weber.edu,Female,361-13-2623
369,Devina,Iacofo,devinaiacofo7794@mail.weber.edu,Female,398-63-7794
370,Bettine,Clapton,bettineclapton7061@mail.weber.edu,Female,775-37-7061
371,Bamby,Seth,bambyseth2810@mail.weber.edu,,675-10-2810
372,Melisent,Easterbrook,melisenteasterbrook0579@mail.weber.edu,Female,235-99-0579
373,Jaymie,Place,jaymieplace5890@mail.weber.edu,Male,576-57-5890
374,Egbert,Elleray,egbertelleray7902@mail.weber.edu,Male,191-98-7902
375,Dannie,Edlyne,dannieedlyne8354@mail.weber.edu,Female,215-77-8354
376,Buddie,Iorillo,buddieiorillo4277@mail.weber.edu,Male,336-83-4277
377,Tabbie,Yeo,tabbieyeo1307@mail.weber.edu,Polygender,520-56-1307
378,Baron,Clear,baronclear4598@mail.weber.edu,Male,697-98-4598
379,Bernardine,Crotty,bernardinecrotty5348@mail.weber.edu,,456-06-5348
380,Andrey,Bullen,andreybullen6160@mail.weber.edu,Male,325-84-6160
381,Reese,McBrearty,reesemcbrearty1470@mail.weber.edu,Male,137-39-1470
382,Ian,Parman,ianparman8119@mail.weber.edu,,368-05-8119
383,Pate,Streatley,patestreatley0957@mail.weber.edu,Male,844-20-0957
384,Maggi,Keson,maggikeson0936@mail.weber.edu,Female,546-19-0936
385,Micheal,Evemy,michealevemy4977@mail.weber.edu,Male,784-57-4977
386,Leanora,Swatten,leanoraswatten3800@mail.weber.edu,Female,546-50-3800
387,Lynelle,Guntrip,lynelleguntrip6289@mail.weber.edu,Female,462-83-6289
388,Rip,Stuttard,ripstuttard0382@mail.weber.edu,Male,770-77-0382
389,Isadore,Locke,isadorelocke0737@mail.weber.edu,Male,394-34-0737
390,Hendrika,Cabedo,hendrikacabedo4876@mail.weber.edu,Female,226-32-4876
391,Con,Dourin,condourin8352@mail.weber.edu,Male,173-86-8352
392,Nils,Roberto,nilsroberto1852@mail.weber.edu,Male,494-34-1852
393,Lexie,Shetliff,lexieshetliff9212@mail.weber.edu,Female,349-54-9212
394,Berkeley,Provest,berkeleyprovest0218@mail.weber.edu,Bigender,126-75-0218
395,Rosa,Hoofe,rosahoofe4532@mail.weber.edu,Female,369-01-4532
396,Hamlen,Curnow,hamlencurnow7398@mail.weber.edu,Male,644-89-7398
397,Addie,Tarbet,addietarbet1303@mail.weber.edu,Male,429-21-1303
398,Isiahi,Littlejohns,isiahilittlejohns7528@mail.weber.edu,Male,257-39-7528
399,Archambault,Camell,archambaultcamell6930@mail.weber.edu,Male,621-55-6930
400,Alyosha,Kelly,alyoshakelly1994@mail.weber.edu,Male,115-46-1994
401,Luis,Matijevic,luismatijevic1989@mail.weber.edu,Male,237-48-1989
402,Gertie,Ugolini,gertieugolini4162@mail.weber.edu,Female,243-65-4162
403,Devin,Richings,devinrichings2985@mail.weber.edu,Female,179-84-2985
404,Oralle,Elijahu,oralleelijahu6062@mail.weber.edu,Female,638-08-6062
405,Harriette,Tarling,harriettetarling7605@mail.weber.edu,Female,303-03-7605
406,Nelson,Raden,nelsonraden5755@mail.weber.edu,Genderqueer,233-23-5755
407,Joseito,Brookfield,joseitobrookfield7171@mail.weber.edu,Male,569-84-7171
408,Rudolph,Whapple,rudolphwhapple8162@mail.weber.edu,Male,112-39-8162
409,Haydon,Schollick,haydonschollick0359@mail.weber.edu,Male,727-01-0359
410,Mandi,Rotherham,mandirotherham6364@mail.weber.edu,Female,257-27-6364
411,Alissa,Yule,alissayule3205@mail.weber.edu,Female,321-91-3205
412,Wolf,Cowl,wolfcowl3514@mail.weber.edu,Male,174-21-3514
413,Amabelle,Melluish,amabellemelluish9979@mail.weber.edu,Genderqueer,816-53-9979
414,Sherlocke,Halley,sherlockehalley8227@mail.weber.edu,Male,691-59-8227
415,Loydie,Dunlop,loydiedunlop6436@mail.weber.edu,Male,580-40-6436
416,Arron,Moubray,arronmoubray0004@mail.weber.edu,Male,659-36-0004
417,Cyb,Jeannaud,cybjeannaud6716@mail.weber.edu,Female,755-75-6716
418,Knox,Dillimore,knoxdillimore6109@mail.weber.edu,Male,678-38-6109
419,Sherman,Capini,shermancapini7391@mail.weber.edu,Male,137-11-7391
420,Madelle,Matveichev,madellematveichev5083@mail.weber.edu,Female,152-30-5083
421,Natalya,Wreath,natalyawreath8328@mail.weber.edu,Female,641-43-8328
422,Etheline,Keesman,ethelinekeesman1790@mail.weber.edu,Female,159-17-1790
423,Katusha,Gillard,katushagillard5517@mail.weber.edu,Female,498-31-5517
424,Malchy,Rattenberie,malchyrattenberie6975@mail.weber.edu,Male,189-90-6975
425,Maynard,Markie,maynardmarkie5616@mail.weber.edu,Male,839-24-5616
426,Brock,Fulop,brockfulop4563@mail.weber.edu,Male,259-80-4563
427,Mora,Radoux,moraradoux7263@mail.weber.edu,Polygender,458-97-7263
428,Fremont,Jodrellec,fremontjodrellec0674@mail.weber.edu,Male,798-36-0674
429,Berkeley,Loseke,berkeleyloseke2542@mail.weber.edu,Male,496-37-2542
430,Luther,Doring,lutherdoring1773@mail.weber.edu,Male,400-94-1773
431,Ranique,Grinin,raniquegrinin5993@mail.weber.edu,,423-46-5993
432,Laird,Whatley,lairdwhatley5971@mail.weber.edu,Male,297-96-5971
433,Briney,Hrishanok,brineyhrishanok1850@mail.weber.edu,Female,856-12-1850
434,Dermot,Almon,dermotalmon3495@mail.weber.edu,,853-88-3495
435,Bianka,Benazet,biankabenazet5328@mail.weber.edu,Female,896-91-5328
436,Alysa,Barcroft,alysabarcroft2362@mail.weber.edu,Female,406-57-2362
437,Cayla,Lawson,caylalawson2527@mail.weber.edu,Female,118-70-2527
438,Coretta,Shepheard,corettashepheard8001@mail.weber.edu,Agender,644-20-8001
439,Ansley,Loseke,ansleyloseke4128@mail.weber.edu,Female,647-76-4128
440,Culver,Farthing,culverfarthing3736@mail.weber.edu,Male,874-68-3736
441,Rickie,Tungay,rickietungay2304@mail.weber.edu,Female,202-63-2304
442,Corby,Perry,corbyperry2940@mail.weber.edu,Male,378-94-2940
443,Halsy,Mattke,halsymattke8464@mail.weber.edu,Genderfluid,561-82-8464
444,Nikki,Hulk,nikkihulk5066@mail.weber.edu,Female,756-01-5066
445,Minnnie,Trollope,minnnietrollope7934@mail.weber.edu,Female,646-90-7934
446,Shell,Banbrigge,shellbanbrigge0140@mail.weber.edu,Male,158-66-0140
447,Jobina,Veighey,jobinaveighey1085@mail.weber.edu,Female,670-19-1085
448,Gilburt,Duddin,gilburtduddin4079@mail.weber.edu,Male,702-52-4079
449,Rozalie,Kinsett,rozaliekinsett3435@mail.weber.edu,Female,680-13-3435
450,Tresa,Streeton,tresastreeton1476@mail.weber.edu,Female,689-16-1476
451,Melicent,Maroney,melicentmaroney6424@mail.weber.edu,Female,575-96-6424
452,Vernice,Titheridge,vernicetitheridge3754@mail.weber.edu,Female,486-03-3754
453,Massimiliano,Schaben,massimilianoschaben4212@mail.weber.edu,Male,738-10-4212
454,Eva,Pregal,evapregal3460@mail.weber.edu,Female,877-63-3460
455,Leroi,Josse,leroijosse6778@mail.weber.edu,Male,260-22-6778
456,Alysa,Simpole,alysasimpole2454@mail.weber.edu,Female,835-04-2454
457,Lori,Land,loriland6147@mail.weber.edu,Female,519-03-6147
458,Welsh,Baynes,welshbaynes7129@mail.weber.edu,Male,562-99-7129
459,Orly,Daffey,orlydaffey9574@mail.weber.edu,Female,259-19-9574
460,Filmer,Easson,filmereasson0807@mail.weber.edu,Male,805-87-0807
461,Catherine,Tomini,catherinetomini1840@mail.weber.edu,Female,525-79-1840
462,Shayne,Key,shaynekey3401@mail.weber.edu,Female,431-61-3401
463,Lola,Falkingham,lolafalkingham2832@mail.weber.edu,Female,390-11-2832
464,Tallie,Coult,talliecoult5838@mail.weber.edu,Female,163-40-5838
465,Avie,Creffield,aviecreffield7868@mail.weber.edu,Female,602-37-7868
466,Hugh,Garroch,hughgarroch9197@mail.weber.edu,Polygender,862-72-9197
467,Pamelina,Hoggan,pamelinahoggan0417@mail.weber.edu,Female,213-71-0417
468,Esme,Dyers,esmedyers2223@mail.weber.edu,Female,776-21-2223
469,Cathie,Newband,cathienewband9205@mail.weber.edu,Female,174-19-9205
470,Matthiew,Sloat,matthiewsloat3421@mail.weber.edu,Male,806-79-3421
471,Catha,Spancock,cathaspancock9474@mail.weber.edu,Female,280-75-9474
472,Lanie,Renshall,lanierenshall1233@mail.weber.edu,Female,672-73-1233
473,Brendon,Zecchini,brendonzecchini2964@mail.weber.edu,Male,781-28-2964
474,George,Thumann,georgethumann7559@mail.weber.edu,Male,409-13-7559
475,Fancy,Sisselot,fancysisselot3940@mail.weber.edu,,655-81-3940
476,Taddeusz,Iczokvitz,taddeusziczokvitz8479@mail.weber.edu,Male,119-25-8479
477,Ransom,Deerr,ransomdeerr7745@mail.weber.edu,Male,861-27-7745
478,Hamil,Shalloe,hamilshalloe8806@mail.weber.edu,Male,153-63-8806
479,Britte,Batterson,brittebatterson9109@mail.weber.edu,Female,517-45-9109
480,Berna,Filewood,bernafilewood0907@mail.weber.edu,Female,308-24-0907
481,Hewett,Tyrwhitt,hewetttyrwhitt7368@mail.weber.edu,Male,542-09-7368
482,Norry,Hawes,norryhawes1384@mail.weber.edu,Male,745-95-1384
483,Vachel,Issacov,vachelissacov8288@mail.weber.edu,Male,691-09-8288
484,Doug,Crellim,dougcrellim8800@mail.weber.edu,Agender,175-62-8800
485,Jasen,Whatsize,jasenwhatsize1126@mail.weber.edu,Male,581-57-1126
486,Concettina,Dellow,concettinadellow9393@mail.weber.edu,Female,529-88-9393
487,Zorah,Goff,zorahgoff2762@mail.weber.edu,Female,890-61-2762
488,Dermot,Locket,dermotlocket4495@mail.weber.edu,Male,629-96-4495
489,Julee,Douberday,juleedouberday7862@mail.weber.edu,Female,445-08-7862
490,Daryl,Pleager,darylpleager9972@mail.weber.edu,Female,540-21-9972
491,Orren,Ammer,orrenammer4357@mail.weber.edu,Male,245-30-4357
492,Gilberto,Juanes,gilbertojuanes7859@mail.weber.edu,Male,131-68-7859
493,Filide,Falco,filidefalco2770@mail.weber.edu,Female,752-17-2770
494,Deana,Bonner,deanabonner3878@mail.weber.edu,Female,791-46-3878
495,Bradley,Bellard,bradleybellard6471@mail.weber.edu,Male,116-25-6471
496,Cordula,Yard,cordulayard3799@mail.weber.edu,Female,673-10-3799
497,Ronalda,Garbott,ronaldagarbott3909@mail.weber.edu,Female,769-20-3909
498,Guenevere,Di Iorio,gueneveredi iorio4894@mail.weber.edu,Female,520-49-4894
499,Nadya,Groll,nadyagroll8707@mail.weber.edu,Female,760-03-8707
500,Danyette,Clamo,danyetteclamo5819@mail.weber.edu,Female,223-74-5819
501,Leelah,Heistermann,leelahheistermann3023@mail.weber.edu,Female,222-92-3023
502,Donal,McHale,donalmchale9816@mail.weber.edu,Male,643-05-9816
503,Mollie,Garey,molliegarey2641@mail.weber.edu,Female,766-24-2641
504,Angelika,Satcher,angelikasatcher5630@mail.weber.edu,Female,674-44-5630
505,Nealon,Neale,nealonneale7189@mail.weber.edu,Genderfluid,242-44-7189
506,Magdalene,Castle,magdalenecastle5414@mail.weber.edu,Female,131-93-5414
507,Stefa,Yaakov,stefayaakov9721@mail.weber.edu,Female,371-13-9721
508,Maiga,Harland,maigaharland2682@mail.weber.edu,,719-54-2682
509,Dalt,Bannell,daltbannell2661@mail.weber.edu,Male,542-23-2661
510,Ulick,Deegin,ulickdeegin6243@mail.weber.edu,Male,899-45-6243
511,Dalia,Gillivrie,daliagillivrie9770@mail.weber.edu,Female,395-10-9770
512,Michel,Shattock,michelshattock0633@mail.weber.edu,Male,839-91-0633
513,Lucho,O'Keefe,luchoo'keefe4259@mail.weber.edu,Male,774-75-4259
514,Augy,Altoft,augyaltoft5351@mail.weber.edu,Male,591-04-5351
515,My,Kynd,mykynd8385@mail.weber.edu,Male,112-64-8385
516,Dory,Baudry,dorybaudry2374@mail.weber.edu,,167-61-2374
517,Seth,Chillcot,sethchillcot4982@mail.weber.edu,Non-binary,400-67-4982
518,Any,Capin,anycapin8471@mail.weber.edu,Male,339-56-8471
519,Verile,Geldeford,verilegeldeford9747@mail.weber.edu,Female,801-17-9747
520,Corbet,Meineck,corbetmeineck2384@mail.weber.edu,Male,377-06-2384
521,Torrance,Wethered,torrancewethered3972@mail.weber.edu,Male,633-24-3972
522,Reg,Vanyukhin,regvanyukhin1317@mail.weber.edu,Male,764-94-1317
523,Latisha,Coldbath,latishacoldbath5794@mail.weber.edu,Female,365-85-5794
524,Wallis,Gerg,wallisgerg8038@mail.weber.edu,Genderqueer,661-06-8038
525,Parry,Graybeal,parrygraybeal4691@mail.weber.edu,Male,736-57-4691
526,Padriac,Croutear,padriaccroutear2402@mail.weber.edu,Male,814-74-2402
527,Delmor,Kyllford,delmorkyllford9276@mail.weber.edu,Genderqueer,620-85-9276
528,Derrek,Chadwick,derrekchadwick2901@mail.weber.edu,Male,210-25-2901
529,Marissa,Stickland,marissastickland1057@mail.weber.edu,,686-89-1057
530,Hermon,McGettrick,hermonmcgettrick2189@mail.weber.edu,Male,771-78-2189
531,Adina,Pickard,adinapickard7746@mail.weber.edu,Female,228-47-7746
532,Fitzgerald,Brunt,fitzgeraldbrunt5010@mail.weber.edu,Male,585-74-5010
533,Lowrance,Vicker,lowrancevicker2394@mail.weber.edu,Male,749-40-2394
534,Cull,Buer,cullbuer7389@mail.weber.edu,Male,233-50-7389
535,Rita,McDill,ritamcdill5599@mail.weber.edu,Female,404-89-5599
536,Yasmin,Sterre,yasminsterre8911@mail.weber.edu,Female,496-20-8911
537,Kippie,McGirr,kippiemcgirr0798@mail.weber.edu,Female,189-14-0798
538,Lyda,Grigorian,lydagrigorian1486@mail.weber.edu,Female,431-72-1486
539,Christoph,Hitzke,christophhitzke1110@mail.weber.edu,Male,155-89-1110
540,Homere,Stanway,homerestanway6688@mail.weber.edu,Male,237-67-6688
541,Avery,Himpson,averyhimpson7676@mail.weber.edu,Male,674-58-7676
542,Lucas,Hebblewaite,lucashebblewaite9324@mail.weber.edu,Male,312-07-9324
543,Lauraine,Limeburner,laurainelimeburner6623@mail.weber.edu,Female,817-21-6623
544,Jecho,Plimmer,jechoplimmer2783@mail.weber.edu,Male,372-46-2783
545,Theo,Akett,theoakett1694@mail.weber.edu,Female,504-58-1694
546,Gertrudis,Camblin,gertrudiscamblin7032@mail.weber.edu,Female,339-48-7032
547,Amerigo,Buddleigh,amerigobuddleigh4888@mail.weber.edu,Male,651-25-4888
548,Garrott,Linstead,garrottlinstead6379@mail.weber.edu,Male,274-89-6379
549,Rickie,Burkert,rickieburkert1740@mail.weber.edu,Male,125-33-1740
550,Danice,Baccus,danicebaccus7736@mail.weber.edu,Female,226-95-7736
551,Denyse,Chung,denysechung2836@mail.weber.edu,,750-83-2836
552,Carlyn,Perren,carlynperren0536@mail.weber.edu,Female,752-83-0536
553,Cassie,MacCoveney,cassiemaccoveney9296@mail.weber.edu,,505-54-9296
554,Luce,Licence,lucelicence6883@mail.weber.edu,Male,702-45-6883
555,Cora,Strangeways,corastrangeways0284@mail.weber.edu,Female,199-38-0284
556,Trix,Leyban,trixleyban6699@mail.weber.edu,Female,159-82-6699
557,Arnaldo,Gigg,arnaldogigg5119@mail.weber.edu,Male,145-82-5119
558,Morgan,Tweedlie,morgantweedlie6045@mail.weber.edu,Female,804-51-6045
559,Claude,Pitford,claudepitford5673@mail.weber.edu,,487-43-5673
560,Claude,Tolcharde,claudetolcharde6596@mail.weber.edu,Female,138-04-6596
561,Magdalena,Tripp,magdalenatripp8875@mail.weber.edu,Bigender,712-10-8875
562,Lethia,Harberer,lethiaharberer5675@mail.weber.edu,Agender,583-23-5675
563,Ysabel,Cardillo,ysabelcardillo8726@mail.weber.edu,Female,787-88-8726
564,Bartie,Tebbut,bartietebbut1002@mail.weber.edu,Male,864-85-1002
565,Melantha,Kettlestringe,melanthakettlestringe3351@mail.weber.edu,,781-22-3351
566,Marje,Peasegod,marjepeasegod8027@mail.weber.edu,Female,664-87-8027
567,Salomone,McBrearty,salomonemcbrearty5341@mail.weber.edu,Male,105-72-5341
568,Jaymie,Blakesley,jaymieblakesley8155@mail.weber.edu,Male,572-94-8155
569,Roselia,Duchatel,roseliaduchatel6331@mail.weber.edu,Agender,427-89-6331
570,Pancho,Ifill,panchoifill5825@mail.weber.edu,Male,898-17-5825
571,Ethel,Felipe,ethelfelipe6137@mail.weber.edu,Female,764-25-6137
572,Camey,Kensy,cameykensy3664@mail.weber.edu,Male,729-27-3664
573,Carri,Whicher,carriwhicher8854@mail.weber.edu,Female,412-11-8854
574,Issiah,Sueter,issiahsueter0819@mail.weber.edu,Male,301-13-0819
575,Jarvis,Preedy,jarvispreedy4541@mail.weber.edu,Male,563-56-4541
576,Townsend,Pickerin,townsendpickerin8508@mail.weber.edu,Male,639-32-8508
577,Celine,Biesterfeld,celinebiesterfeld1975@mail.weber.edu,Female,318-54-1975
578,Constantia,Donnellan,constantiadonnellan3852@mail.weber.edu,Female,122-31-3852
579,Merna,Cough,mernacough0231@mail.weber.edu,Female,629-85-0231
580,Forester,Kobera,foresterkobera3684@mail.weber.edu,Male,803-40-3684
581,Brien,Twiggs,brientwiggs2689@mail.weber.edu,Male,813-18-2689
582,Aretha,Jukes,arethajukes5917@mail.weber.edu,Female,204-26-5917
583,Foss,Timbridge,fosstimbridge2671@mail.weber.edu,Male,845-07-2671
584,Darla,MacIlraith,darlamacilraith5691@mail.weber.edu,Female,444-84-5691
585,Fallon,Risdale,fallonrisdale8373@mail.weber.edu,Female,206-84-8373
586,Filippa,O'Loughnan,filippao'loughnan1708@mail.weber.edu,Female,182-77-1708
587,Sabina,McNair,sabinamcnair8230@mail.weber.edu,Female,352-33-8230
588,Rupert,Lymer,rupertlymer5200@mail.weber.edu,Male,162-42-5200
589,Dov,Zebedee,dovzebedee9436@mail.weber.edu,,847-63-9436
590,Jarred,Itzhayek,jarreditzhayek6009@mail.weber.edu,Male,313-60-6009
591,Jerri,MacConnulty,jerrimacconnulty8726@mail.weber.edu,Male,730-27-8726
592,Dorelia,Maase,doreliamaase5091@mail.weber.edu,Female,119-18-5091
593,Shea,Willshear,sheawillshear1521@mail.weber.edu,Male,454-79-1521
594,Skylar,Webborn,skylarwebborn6256@mail.weber.edu,Male,506-94-6256
595,Sharla,Lowensohn,sharlalowensohn5418@mail.weber.edu,,424-15-5418
596,Noby,Coxhead,nobycoxhead6708@mail.weber.edu,Male,244-72-6708
597,Vaughn,Huton,vaughnhuton0877@mail.weber.edu,Male,412-43-0877
598,Cece,Stirman,cecestirman4851@mail.weber.edu,Agender,578-40-4851
599,Kalina,Matterdace,kalinamatterdace1887@mail.weber.edu,Genderfluid,500-53-1887
600,Eugene,Baud,eugenebaud8917@mail.weber.edu,Male,476-60-8917
601,Byran,Weins,byranweins8824@mail.weber.edu,Male,517-44-8824
602,Henderson,Rayer,hendersonrayer2219@mail.weber.edu,Male,379-81-2219
603,Slade,Cardon,sladecardon1267@mail.weber.edu,Male,313-06-1267
604,Keenan,Grosier,keenangrosier1065@mail.weber.edu,Male,325-91-1065
605,Audrye,Zywicki,audryezywicki5139@mail.weber.edu,Female,245-36-5139
606,Quintus,Rome,quintusrome8715@mail.weber.edu,Male,668-16-8715
607,Glory,Klimecki,gloryklimecki8147@mail.weber.edu,Female,723-54-8147
608,Giusto,Goodie,giustogoodie4011@mail.weber.edu,Male,841-72-4011
609,Osmund,Labrone,osmundlabrone6104@mail.weber.edu,,783-42-6104
610,Jarret,Grgic,jarretgrgic7260@mail.weber.edu,Male,698-11-7260
611,Martha,Hatcher,marthahatcher2344@mail.weber.edu,Polygender,254-16-2344
612,Elianora,Croydon,elianoracroydon7838@mail.weber.edu,Female,831-80-7838
613,Teena,Brecken,teenabrecken9773@mail.weber.edu,Genderfluid,173-23-9773
614,Myrlene,Bellie,myrlenebellie2270@mail.weber.edu,Female,781-69-2270
615,Caria,Woodward,cariawoodward3855@mail.weber.edu,Female,432-91-3855
616,Harley,Delap,harleydelap2419@mail.weber.edu,Male,859-20-2419
617,Margarethe,Gouldstraw,margarethegouldstraw6730@mail.weber.edu,Female,261-81-6730
618,Betta,Ferrige,bettaferrige7699@mail.weber.edu,Non-binary,329-71-7699
619,Ode,Shawcroft,odeshawcroft4179@mail.weber.edu,Male,489-74-4179
620,Dwayne,Arends,dwaynearends4611@mail.weber.edu,Male,722-83-4611
621,Chloris,Merriott,chlorismerriott5356@mail.weber.edu,Female,711-08-5356
622,Ingra,Buglar,ingrabuglar7874@mail.weber.edu,Male,410-34-7874
623,Ignacius,Bumby,ignaciusbumby4784@mail.weber.edu,Male,220-81-4784
624,Biddie,Lipprose,biddielipprose7208@mail.weber.edu,Agender,654-60-7208
625,Inglis,Waltho,ingliswaltho2453@mail.weber.edu,Male,853-85-2453
626,Woodman,Devaney,woodmandevaney7343@mail.weber.edu,Male,115-63-7343
627,Andrus,Curlis,andruscurlis6704@mail.weber.edu,Male,426-97-6704
628,Eolanda,Mackneis,eolandamackneis0399@mail.weber.edu,Bigender,873-38-0399
629,Ben,Walisiak,benwalisiak2062@mail.weber.edu,Male,369-56-2062
630,Rasia,Lyptrade,rasialyptrade2388@mail.weber.edu,Female,429-16-2388
631,Louise,Vasovic,louisevasovic5003@mail.weber.edu,Female,569-83-5003
632,Shep,Berg,shepberg0412@mail.weber.edu,Male,703-47-0412
633,Brook,Rymour,brookrymour9328@mail.weber.edu,Male,145-75-9328
634,Suzann,Kummerlowe,suzannkummerlowe7745@mail.weber.edu,Female,702-84-7745
635,Shayna,Cussons,shaynacussons3104@mail.weber.edu,Female,188-09-3104
636,Amelia,Zeplin,ameliazeplin2970@mail.weber.edu,Non-binary,199-96-2970
637,Ermin,Brunger,erminbrunger0364@mail.weber.edu,Male,221-84-0364
638,Alexio,Tillot,alexiotillot6599@mail.weber.edu,Male,718-61-6599
639,Arnold,Sunock,arnoldsunock8463@mail.weber.edu,Male,476-11-8463
640,Thain,Van Vuuren,thainvan vuuren4676@mail.weber.edu,Male,318-55-4676
641,Yettie,Fairey,yettiefairey9020@mail.weber.edu,Female,893-06-9020
642,Mufinella,Northill,mufinellanorthill3222@mail.weber.edu,Polygender,864-43-3222
643,Ricky,Zanettini,rickyzanettini2987@mail.weber.edu,Female,494-58-2987
644,Kaitlyn,Defries,kaitlyndefries9643@mail.weber.edu,Female,881-34-9643
645,Wilow,Stuchberry,wilowstuchberry6411@mail.weber.edu,Genderfluid,122-69-6411
646,Amara,Moen,amaramoen3331@mail.weber.edu,Bigender,830-72-3331
647,Raffaello,Comber,raffaellocomber0317@mail.weber.edu,Male,687-85-0317
648,Kassi,Leathem,kassileathem5418@mail.weber.edu,Female,670-93-5418
649,Del,Ottosen,delottosen6871@mail.weber.edu,Male,638-36-6871
650,Wain,Cabedo,waincabedo3551@mail.weber.edu,Male,598-92-3551
651,Margarita,Banbrigge,margaritabanbrigge0400@mail.weber.edu,Female,332-23-0400
652,Lani,Astbury,laniastbury5035@mail.weber.edu,Female,464-66-5035
653,Cassius,Strangward,cassiusstrangward7493@mail.weber.edu,Male,584-15-7493
654,Rakel,Wildman,rakelwildman4137@mail.weber.edu,,583-51-4137
655,Tanny,Hellwig,tannyhellwig1480@mail.weber.edu,Male,245-43-1480
656,Issy,Laboune,issylaboune4541@mail.weber.edu,Female,556-51-4541
657,Aryn,Corran,aryncorran8442@mail.weber.edu,Female,428-86-8442
658,Feodor,Whitby,feodorwhitby4626@mail.weber.edu,Agender,288-35-4626
659,Nicky,Spadollini,nickyspadollini3574@mail.weber.edu,Male,242-68-3574
660,Ashly,Maydway,ashlymaydway6842@mail.weber.edu,Female,557-55-6842
661,Idell,Rutherfoord,idellrutherfoord0478@mail.weber.edu,Female,251-53-0478
662,Karin,Schapiro,karinschapiro7990@mail.weber.edu,Female,622-92-7990
663,Sharia,Wykey,shariawykey7877@mail.weber.edu,Female,360-19-7877
664,Lonni,Pearne,lonnipearne0179@mail.weber.edu,Female,330-76-0179
665,Guinevere,MacTimpany,guineveremactimpany7076@mail.weber.edu,Bigender,521-23-7076
666,Jillayne,Luggar,jillayneluggar3764@mail.weber.edu,Female,382-33-3764
667,Kendall,Kondratovich,kendallkondratovich7490@mail.weber.edu,Male,559-46-7490
668,Tiffany,Vanini,tiffanyvanini5118@mail.weber.edu,Female,187-18-5118
669,Clement,O'Corrin,clemento'corrin4490@mail.weber.edu,Male,283-89-4490
670,Tiffi,Bour,tiffibour1800@mail.weber.edu,Bigender,892-20-1800
671,Simmonds,Forestall,simmondsforestall4828@mail.weber.edu,Male,804-08-4828
672,Marven,Grigorey,marvengrigorey9878@mail.weber.edu,Male,664-07-9878
673,Tallie,Polglaze,talliepolglaze9414@mail.weber.edu,Female,483-85-9414
674,Dru,Duffus,druduffus7739@mail.weber.edu,Female,844-14-7739
675,Lionello,Kybbye,lionellokybbye6793@mail.weber.edu,Genderfluid,464-56-6793
676,Adella,Rohlf,adellarohlf4665@mail.weber.edu,,244-83-4665
677,Cross,Abrashkov,crossabrashkov6317@mail.weber.edu,Male,482-79-6317
678,Peggi,Dietmar,peggidietmar7462@mail.weber.edu,Female,726-95-7462
679,Ailyn,Shewon,ailynshewon6695@mail.weber.edu,Female,670-69-6695
680,Marlene,Orbon,marleneorbon8933@mail.weber.edu,Female,702-97-8933
681,Ernesto,Branscombe,ernestobranscombe4511@mail.weber.edu,Male,436-16-4511
682,Ferdie,Pyner,ferdiepyner0593@mail.weber.edu,Male,295-45-0593
683,Gardy,Duly,gardyduly3263@mail.weber.edu,,253-84-3263
684,Dorey,O'Shiel,doreyo'shiel4021@mail.weber.edu,Male,715-21-4021
685,Norris,Beagan,norrisbeagan7290@mail.weber.edu,Male,344-13-7290
686,Karine,Heisler,karineheisler0100@mail.weber.edu,Female,827-56-0100
687,Rod,Laker,rodlaker3187@mail.weber.edu,Bigender,585-39-3187
688,Oran,Arnoult,oranarnoult0380@mail.weber.edu,Male,210-62-0380
689,Seline,Ashleigh,selineashleigh8205@mail.weber.edu,Female,637-35-8205
690,Lula,Sara,lulasara7286@mail.weber.edu,Agender,459-50-7286
691,Dill,Pellant,dillpellant3649@mail.weber.edu,Male,794-78-3649
692,Caz,Saiens,cazsaiens3304@mail.weber.edu,Male,226-80-3304
693,Kin,Standage,kinstandage1831@mail.weber.edu,Male,448-07-1831
694,Mei,Winterscale,meiwinterscale5193@mail.weber.edu,Female,852-30-5193
695,Blancha,Killoran,blanchakilloran4373@mail.weber.edu,Female,261-19-4373
696,Leland,Ganders,lelandganders9593@mail.weber.edu,Male,558-33-9593
697,Winnie,Veighey,winnieveighey8511@mail.weber.edu,Male,814-12-8511
698,Annabal,Zeplin,annabalzeplin1502@mail.weber.edu,Female,459-22-1502
699,Alyson,Haxby,alysonhaxby3283@mail.weber.edu,Female,846-67-3283
700,Ric,Robrose,ricrobrose1651@mail.weber.edu,Male,486-39-1651
701,Page,Brookson,pagebrookson4657@mail.weber.edu,Male,540-96-4657
702,Bartholomeo,Wyeld,bartholomeowyeld5953@mail.weber.edu,Male,432-96-5953
703,Cacilia,Tidbury,caciliatidbury4287@mail.weber.edu,Female,732-74-4287
704,Avril,Greenside,avrilgreenside5679@mail.weber.edu,Female,729-82-5679
705,Vasilis,Le Prevost,vasilisle prevost8052@mail.weber.edu,Male,245-94-8052
706,Bradford,Hinsch,bradfordhinsch5789@mail.weber.edu,Male,390-11-5789
707,Else,Josuweit,elsejosuweit9074@mail.weber.edu,Female,415-24-9074
708,Filberte,Paolozzi,filbertepaolozzi2852@mail.weber.edu,Male,805-64-2852
709,David,Margrie,davidmargrie7942@mail.weber.edu,Male,397-71-7942
710,Prentice,Aucock,prenticeaucock1694@mail.weber.edu,Male,687-61-1694
711,Torin,Fradson,torinfradson8545@mail.weber.edu,,361-90-8545
712,Stacy,Czajka,stacyczajka2871@mail.weber.edu,Female,372-30-2871
713,Romola,Frangione,romolafrangione3278@mail.weber.edu,Female,185-26-3278
714,Free,Balchen,freebalchen3281@mail.weber.edu,Male,861-86-3281
715,Jania,Caile,janiacaile7815@mail.weber.edu,Female,809-22-7815
716,Chere,Quarrell,cherequarrell2983@mail.weber.edu,Female,346-05-2983
717,Giorgia,Schwandner,giorgiaschwandner5101@mail.weber.edu,Agender,245-52-5101
718,Gwenny,Mawhinney,gwennymawhinney6354@mail.weber.edu,Female,149-02-6354
719,Anatole,Pelzer,anatolepelzer4165@mail.weber.edu,Male,295-89-4165
720,Raimundo,Dottridge,raimundodottridge7361@mail.weber.edu,Male,353-21-7361
721,Coreen,Shave,coreenshave5743@mail.weber.edu,Female,744-25-5743
722,Thaddeus,Louth,thaddeuslouth0798@mail.weber.edu,Male,344-65-0798
723,Burnard,McKelvey,burnardmckelvey4298@mail.weber.edu,Male,320-72-4298
724,Stephen,Coyne,stephencoyne9139@mail.weber.edu,Male,214-44-9139
725,Becki,Nenci,beckinenci1860@mail.weber.edu,Female,586-88-1860
726,Heath,Ivakin,heathivakin2525@mail.weber.edu,Male,501-71-2525
727,Pieter,Ibbitson,pieteribbitson8408@mail.weber.edu,Male,139-68-8408
728,Estel,Mugridge,estelmugridge6145@mail.weber.edu,Female,361-64-6145
729,Myca,McCart,mycamccart8784@mail.weber.edu,Bigender,834-95-8784
730,Alethea,Kolakowski,aletheakolakowski7530@mail.weber.edu,Female,347-67-7530
731,Arv,Klass,arvklass9920@mail.weber.edu,Male,523-51-9920
732,Felecia,Dailey,feleciadailey9941@mail.weber.edu,Polygender,563-47-9941
733,Vilhelmina,Sissland,vilhelminasissland9325@mail.weber.edu,Female,312-42-9325
734,Breena,Penreth,breenapenreth5312@mail.weber.edu,Genderfluid,428-72-5312
735,Stephanus,Busek,stephanusbusek0986@mail.weber.edu,Genderfluid,663-82-0986
736,Halley,Stump,halleystump1289@mail.weber.edu,Female,530-38-1289
737,Aharon,Firby,aharonfirby5106@mail.weber.edu,Male,553-51-5106
738,Zonda,Llewellyn,zondallewellyn3591@mail.weber.edu,Female,588-34-3591
739,Hasty,Crat,hastycrat7696@mail.weber.edu,Male,720-18-7696
740,De witt,Gainsboro,de wittgainsboro4250@mail.weber.edu,Male,189-84-4250
741,Timmie,Donnell,timmiedonnell3336@mail.weber.edu,Female,108-05-3336
742,Pammie,Cokly,pammiecokly3834@mail.weber.edu,Female,640-71-3834
743,Currie,Gerrett,curriegerrett0112@mail.weber.edu,Male,794-31-0112
744,Ross,Yabsley,rossyabsley4968@mail.weber.edu,Male,677-09-4968
745,Gabriel,Hadlee,gabrielhadlee8657@mail.weber.edu,Female,667-56-8657
746,Ferris,Lawn,ferrislawn0802@mail.weber.edu,Male,732-67-0802
747,Eba,De Andisie,ebade andisie1345@mail.weber.edu,Non-binary,582-02-1345
748,Vida,Neely,vidaneely9712@mail.weber.edu,Non-binary,431-89-9712
749,Brose,Panniers,brosepanniers3115@mail.weber.edu,Genderfluid,136-52-3115
750,Lorrie,Ruusa,lorrieruusa5048@mail.weber.edu,Genderfluid,871-19-5048
751,Erin,Carmen,erincarmen0786@mail.weber.edu,Female,896-99-0786
752,Moira,Suthworth,moirasuthworth5656@mail.weber.edu,Female,493-10-5656
753,Hildagarde,Mordy,hildagardemordy2565@mail.weber.edu,Female,242-46-2565
754,Cleopatra,Gowling,cleopatragowling4780@mail.weber.edu,Female,653-39-4780
755,Wilek,Honywill,wilekhonywill5425@mail.weber.edu,Male,833-87-5425
756,Catherine,Blakeman,catherineblakeman2505@mail.weber.edu,Female,488-05-2505
757,Weston,Kundt,westonkundt2038@mail.weber.edu,Male,710-86-2038
758,Starla,Wytchard,starlawytchard2972@mail.weber.edu,Non-binary,675-79-2972
759,Ephrayim,Crutchley,ephrayimcrutchley7712@mail.weber.edu,Male,281-74-7712
760,Arlena,Giorgietto,arlenagiorgietto7511@mail.weber.edu,Female,775-79-7511
761,Ced,Biaggioni,cedbiaggioni0392@mail.weber.edu,Male,385-34-0392
762,Tripp,Tilby,tripptilby2960@mail.weber.edu,Male,754-63-2960
763,Eldridge,Flawith,eldridgeflawith7480@mail.weber.edu,Male,441-69-7480
764,Rafa,Danilchev,rafadanilchev5401@mail.weber.edu,Female,875-13-5401
765,Gaven,Instrell,gaveninstrell3005@mail.weber.edu,Male,865-20-3005
766,Ailsun,Enderby,ailsunenderby6848@mail.weber.edu,Female,327-67-6848
767,Demetris,Raeside,demetrisraeside8489@mail.weber.edu,Polygender,720-46-8489
768,Mavis,Stubley,mavisstubley6117@mail.weber.edu,Female,606-08-6117
769,Rozina,Scobie,rozinascobie4460@mail.weber.edu,Female,826-18-4460
770,Donnell,Phillimore,donnellphillimore1813@mail.weber.edu,Male,899-07-1813
771,Armando,Cutmere,armandocutmere5538@mail.weber.edu,Male,663-49-5538
772,Noelyn,Pozzi,noelynpozzi5573@mail.weber.edu,Non-binary,189-11-5573
773,Sayre,Botha,sayrebotha2410@mail.weber.edu,Female,347-75-2410
774,Pincas,Alderman,pincasalderman6297@mail.weber.edu,Male,587-35-6297
775,Corenda,Fuggles,corendafuggles1880@mail.weber.edu,Female,637-07-1880
776,Renell,Growcott,renellgrowcott7721@mail.weber.edu,Female,235-99-7721
777,Cele,Borrie,celeborrie1524@mail.weber.edu,,476-96-1524
778,Stace,Presdee,stacepresdee1144@mail.weber.edu,Genderqueer,668-45-1144
779,Elwood,Riddle,elwoodriddle5966@mail.weber.edu,Male,457-13-5966
780,Katy,Byrd,katybyrd1078@mail.weber.edu,Female,726-51-1078
781,Garfield,Jaggar,garfieldjaggar1913@mail.weber.edu,Male,356-11-1913
782,Gifford,Vicar,giffordvicar6394@mail.weber.edu,Male,206-31-6394
783,Brad,Rawls,bradrawls8645@mail.weber.edu,Male,854-54-8645
784,Padraic,Ruse,padraicruse1107@mail.weber.edu,Male,121-40-1107
785,Colleen,Dugood,colleendugood5064@mail.weber.edu,Genderfluid,434-72-5064
786,Sorcha,Klousner,sorchaklousner0114@mail.weber.edu,Female,518-41-0114
787,Cleavland,Francescozzi,cleavlandfrancescozzi3008@mail.weber.edu,Male,838-15-3008
788,Brand,Tinman,brandtinman0444@mail.weber.edu,Male,559-68-0444
789,Mellisent,Lorent,mellisentlorent3271@mail.weber.edu,Female,162-35-3271
790,Berk,Fleg,berkfleg3389@mail.weber.edu,Male,802-53-3389
791,Axe,Greendale,axegreendale9500@mail.weber.edu,Non-binary,314-98-9500
792,Lilah,Lambrook,lilahlambrook2832@mail.weber.edu,Female,891-92-2832
793,Susanna,Renac,susannarenac4676@mail.weber.edu,Agender,739-85-4676
794,Blake,Dripps,blakedripps6505@mail.weber.edu,Female,275-31-6505
795,Lillis,Moneypenny,lillismoneypenny8731@mail.weber.edu,Female,422-57-8731
796,Woody,Benasik,woodybenasik9646@mail.weber.edu,Male,625-22-9646
797,Wendi,Scatchard,wendiscatchard0129@mail.weber.edu,Female,384-40-0129
798,Hobie,Bridgestock,hobiebridgestock0335@mail.weber.edu,Agender,649-81-0335
799,Shanan,Cranefield,shanancranefield6384@mail.weber.edu,,246-40-6384
800,Eimile,Ledstone,eimileledstone2982@mail.weber.edu,Female,515-82-2982
801,Wini,de Zamora,winide zamora4362@mail.weber.edu,Female,296-55-4362
802,Stefano,Pharoah,stefanopharoah2427@mail.weber.edu,Non-binary,314-92-2427
803,Alan,Spellessy,alanspellessy7430@mail.weber.edu,Male,253-26-7430
804,Kevyn,Cocks,kevyncocks8313@mail.weber.edu,,826-25-8313
805,Arvy,Nattrass,arvynattrass7216@mail.weber.edu,Male,247-53-7216
806,Asa,Syres,asasyres8371@mail.weber.edu,Male,734-31-8371
807,Rice,Furbank,ricefurbank5191@mail.weber.edu,Male,340-88-5191
808,Suzi,Gallaway,suzigallaway3987@mail.weber.edu,Female,801-79-3987
809,Godfree,Boyson,godfreeboyson1395@mail.weber.edu,Male,243-34-1395
810,Baird,Akker,bairdakker9100@mail.weber.edu,Male,880-53-9100
811,Ximenez,Edmonds,ximenezedmonds4487@mail.weber.edu,Male,776-85-4487
812,Cash,Easbie,casheasbie1872@mail.weber.edu,Male,479-46-1872
813,Ancell,Ziemke,ancellziemke0184@mail.weber.edu,Male,478-24-0184
814,Stacie,MacChaell,staciemacchaell1989@mail.weber.edu,Female,296-26-1989
815,Jazmin,Foffano,jazminfoffano3481@mail.weber.edu,Female,473-36-3481
816,Jocko,Colledge,jockocolledge0486@mail.weber.edu,Male,643-02-0486
817,Olenolin,Hatherleigh,olenolinhatherleigh9282@mail.weber.edu,Male,123-32-9282
818,Leonora,Eykel,leonoraeykel6036@mail.weber.edu,Female,137-53-6036
819,Griffin,Staves,griffinstaves8329@mail.weber.edu,Male,295-44-8329
820,Judye,Zambon,judyezambon4269@mail.weber.edu,Genderfluid,894-56-4269
821,Bettina,Jeandel,bettinajeandel5762@mail.weber.edu,Female,527-21-5762
822,Lin,Fulun,linfulun3539@mail.weber.edu,,185-72-3539
823,Cherye,Gerssam,cheryegerssam8883@mail.weber.edu,Female,634-87-8883
824,Bernie,Braunthal,berniebraunthal0393@mail.weber.edu,,896-48-0393
825,Courtney,Haggar,courtneyhaggar8434@mail.weber.edu,Male,751-63-8434
826,Riva,Lett,rivalett3746@mail.weber.edu,Female,807-92-3746
827,Halimeda,Coling,halimedacoling4084@mail.weber.edu,Genderfluid,591-10-4084
828,Thacher,Margram,thachermargram2310@mail.weber.edu,Male,385-62-2310
829,Forbes,Purkins,forbespurkins6296@mail.weber.edu,Male,303-08-6296
830,Reggis,Dufty,reggisdufty7549@mail.weber.edu,,895-50-7549
831,Giuseppe,Evamy,giuseppeevamy2152@mail.weber.edu,Male,836-55-2152
832,Tildie,Rojel,tildierojel6421@mail.weber.edu,,120-42-6421
833,Jesse,Duthie,jesseduthie8082@mail.weber.edu,Female,294-05-8082
834,Magnum,Goldhill,magnumgoldhill1123@mail.weber.edu,Male,823-10-1123
835,Binni,Dufer,binnidufer8355@mail.weber.edu,Female,465-01-8355
836,Dollie,Simmonite,dolliesimmonite7620@mail.weber.edu,,572-22-7620
837,Timmie,Huard,timmiehuard1810@mail.weber.edu,Male,596-83-1810
838,Enrique,Bartrop,enriquebartrop6484@mail.weber.edu,Male,745-40-6484
839,Chet,Greathead,chetgreathead5694@mail.weber.edu,Male,278-39-5694
840,Moyna,Lavell,moynalavell5182@mail.weber.edu,,708-71-5182
841,Jordan,Nudd,jordannudd5973@mail.weber.edu,Female,846-81-5973
842,Thea,Thiese,theathiese7426@mail.weber.edu,,726-47-7426
843,Trent,Rowsell,trentrowsell0195@mail.weber.edu,Male,682-28-0195
844,Vergil,Kleinfeld,vergilkleinfeld4826@mail.weber.edu,Male,530-67-4826
845,Laryssa,Heaney,laryssaheaney8193@mail.weber.edu,Female,499-06-8193
846,Jephthah,Marfield,jephthahmarfield8443@mail.weber.edu,,403-38-8443
847,Thaddus,Prudham,thaddusprudham1898@mail.weber.edu,Male,450-94-1898
848,Evyn,Ferryman,evynferryman0263@mail.weber.edu,Male,770-79-0263
849,Alikee,Stonbridge,alikeestonbridge9223@mail.weber.edu,Female,558-49-9223
850,William,Spatig,williamspatig6396@mail.weber.edu,Male,306-20-6396
851,Rusty,Toffel,rustytoffel9995@mail.weber.edu,Male,104-76-9995
852,Ilaire,Maylour,ilairemaylour8560@mail.weber.edu,Male,508-18-8560
853,Rafaello,Tesmond,rafaellotesmond7006@mail.weber.edu,Male,146-87-7006
854,Tony,Duffy,tonyduffy2757@mail.weber.edu,Male,811-67-2757
855,Boone,Bisgrove,boonebisgrove1664@mail.weber.edu,Male,273-72-1664
856,Clarinda,McGow,clarindamcgow2022@mail.weber.edu,Female,412-11-2022
857,Stillman,Fromant,stillmanfromant7313@mail.weber.edu,Male,360-04-7313
858,Turner,Jacop,turnerjacop6726@mail.weber.edu,Male,654-56-6726
859,Ezequiel,Miguet,ezequielmiguet1271@mail.weber.edu,Male,858-99-1271
860,Pail,Arnason,pailarnason5308@mail.weber.edu,Male,427-79-5308
861,Joannes,Barkley,joannesbarkley6737@mail.weber.edu,Female,528-79-6737
862,Parrnell,Ades,parrnellades0136@mail.weber.edu,Male,855-89-0136
863,Silva,Ruppelin,silvaruppelin7106@mail.weber.edu,Female,785-78-7106
864,Tamarah,Morgan,tamarahmorgan2327@mail.weber.edu,Female,340-19-2327
865,Kristian,Geely,kristiangeely4718@mail.weber.edu,Non-binary,734-47-4718
866,Nelli,Drennan,nellidrennan4515@mail.weber.edu,Female,799-08-4515
867,Claire,Whebell,clairewhebell5912@mail.weber.edu,Male,636-59-5912
868,Siward,Daile,siwarddaile1136@mail.weber.edu,Male,390-40-1136
869,Juan,Cullotey,juancullotey1506@mail.weber.edu,Male,370-11-1506
870,Nial,Wycliff,nialwycliff7741@mail.weber.edu,Male,158-58-7741
871,Angelica,Ellington,angelicaellington0320@mail.weber.edu,Female,730-38-0320
872,Hedwiga,Vatini,hedwigavatini0227@mail.weber.edu,Female,502-10-0227
873,Hester,Cotte,hestercotte6452@mail.weber.edu,Female,563-64-6452
874,Ruggiero,Keattch,ruggierokeattch6492@mail.weber.edu,Male,602-20-6492
875,Tommy,Hassur,tommyhassur1084@mail.weber.edu,Female,166-07-1084
876,Tadd,Ferro,taddferro5228@mail.weber.edu,Male,726-27-5228
877,Natale,Tomini,nataletomini1988@mail.weber.edu,Male,746-32-1988
878,Helli,Starrs,hellistarrs6709@mail.weber.edu,Female,875-62-6709
879,Ameline,Olsson,amelineolsson3697@mail.weber.edu,Female,813-38-3697
880,Mitch,Wagenen,mitchwagenen5355@mail.weber.edu,Male,139-83-5355
881,Melany,Crummay,melanycrummay7968@mail.weber.edu,Female,197-77-7968
882,Michele,Slimings,micheleslimings5281@mail.weber.edu,Male,220-13-5281
883,Reidar,Faunt,reidarfaunt2318@mail.weber.edu,Male,426-22-2318
884,Rosita,Tingcomb,rositatingcomb1017@mail.weber.edu,Female,587-70-1017
885,Darcey,Cockney,darceycockney4645@mail.weber.edu,,562-13-4645
886,Ephraim,Houchin,ephraimhouchin0856@mail.weber.edu,Male,153-80-0856
887,Galvan,Rewbottom,galvanrewbottom3099@mail.weber.edu,Male,640-86-3099
888,Andre,Chaters,andrechaters4720@mail.weber.edu,Bigender,701-70-4720
889,Bernete,Seabrook,berneteseabrook6758@mail.weber.edu,Female,439-40-6758
890,Gwen,Paolozzi,gwenpaolozzi1348@mail.weber.edu,Female,680-88-1348
891,Lia,Klesse,liaklesse8738@mail.weber.edu,,385-14-8738
892,Nessi,Tattoo,nessitattoo2525@mail.weber.edu,Female,348-14-2525
893,Bryana,Brazener,bryanabrazener7853@mail.weber.edu,,869-53-7853
894,Torrie,Roydon,torrieroydon5027@mail.weber.edu,Female,488-52-5027
895,Reginald,Taysbil,reginaldtaysbil0195@mail.weber.edu,Male,798-64-0195
896,Astra,Eyckel,astraeyckel9396@mail.weber.edu,Genderqueer,695-17-9396
897,Knox,Nyles,knoxnyles7696@mail.weber.edu,Male,760-33-7696
898,Guy,Coleiro,guycoleiro6963@mail.weber.edu,Male,353-27-6963
899,Normie,Hilling,normiehilling0663@mail.weber.edu,Male,682-55-0663
900,Cooper,Birtley,cooperbirtley1779@mail.weber.edu,Male,511-76-1779
901,Kienan,Charleston,kienancharleston3611@mail.weber.edu,Male,277-52-3611
902,Onfre,Banger,onfrebanger0313@mail.weber.edu,Male,194-34-0313
903,Nickolas,Colliber,nickolascolliber5262@mail.weber.edu,Male,224-05-5262
904,Gisela,Portch,giselaportch9393@mail.weber.edu,Female,897-59-9393
905,Ellie,Bourbon,elliebourbon6036@mail.weber.edu,Female,577-93-6036
906,Benedikt,Filipson,benediktfilipson7179@mail.weber.edu,Male,637-96-7179
907,Lewiss,Olivier,lewissolivier9631@mail.weber.edu,Male,242-96-9631
908,Anestassia,Ludye,anestassialudye9283@mail.weber.edu,Female,472-02-9283
909,Amie,Sterling,amiesterling7396@mail.weber.edu,Female,463-42-7396
910,Franklin,Jopling,franklinjopling7928@mail.weber.edu,Male,820-39-7928
911,Gertie,Giacomelli,gertiegiacomelli2246@mail.weber.edu,Female,568-53-2246
912,Sutherland,Elwill,sutherlandelwill7073@mail.weber.edu,Male,170-35-7073
913,Aubree,Rowlson,aubreerowlson5676@mail.weber.edu,Female,793-39-5676
914,Shayna,Stalf,shaynastalf8978@mail.weber.edu,Female,136-22-8978
915,Billy,Friatt,billyfriatt1473@mail.weber.edu,,739-53-1473
916,Hedy,Serrell,hedyserrell4295@mail.weber.edu,Female,619-94-4295
917,Queenie,Tilbrook,queenietilbrook6483@mail.weber.edu,Female,602-02-6483
918,Micheil,Gristock,micheilgristock5948@mail.weber.edu,Male,501-62-5948
919,Pansie,Milmo,pansiemilmo3012@mail.weber.edu,Female,549-74-3012
920,Twyla,Sumpton,twylasumpton3849@mail.weber.edu,,745-87-3849
921,Ailis,Coye,ailiscoye2259@mail.weber.edu,Female,508-96-2259
922,Dalt,Chedgey,daltchedgey7351@mail.weber.edu,Male,147-77-7351
923,Genevra,Averall,genevraaverall5113@mail.weber.edu,Female,167-51-5113
924,Eben,Becerro,ebenbecerro8728@mail.weber.edu,Male,777-53-8728
925,Sidonia,Mouser,sidoniamouser6401@mail.weber.edu,Female,326-67-6401
926,Hastie,Sandy,hastiesandy9777@mail.weber.edu,Male,303-33-9777
927,Felizio,Newland,felizionewland4691@mail.weber.edu,,674-56-4691
928,Maria,Gerckens,mariagerckens6619@mail.weber.edu,Female,427-53-6619
929,Fin,Hurll,finhurll3450@mail.weber.edu,Male,421-61-3450
930,Johnna,Bellon,johnnabellon1555@mail.weber.edu,Female,765-40-1555
931,Kristopher,Haig,kristopherhaig7401@mail.weber.edu,Male,529-91-7401
932,Nial,Lethby,niallethby0251@mail.weber.edu,Genderqueer,422-20-0251
933,Teddy,Jantet,teddyjantet1058@mail.weber.edu,Male,180-01-1058
934,Norma,Langmuir,normalangmuir8011@mail.weber.edu,Genderfluid,719-20-8011
935,Myles,Wanden,myleswanden6777@mail.weber.edu,Male,799-21-6777
936,Obidiah,Kubicka,obidiahkubicka4659@mail.weber.edu,Male,488-75-4659
937,Manny,Audibert,mannyaudibert8089@mail.weber.edu,Male,196-83-8089
938,Kerstin,Harsnep,kerstinharsnep4110@mail.weber.edu,Female,783-04-4110
939,Andeee,Barthelme,andeeebarthelme1340@mail.weber.edu,Female,880-79-1340
940,Toma,Duff,tomaduff4860@mail.weber.edu,,114-68-4860
941,Brewster,Marchetti,brewstermarchetti4273@mail.weber.edu,Male,616-90-4273
942,Archer,Mewton,archermewton3992@mail.weber.edu,Male,414-95-3992
943,Becki,Wallach,beckiwallach1926@mail.weber.edu,Female,636-29-1926
944,Bendick,Reiner,bendickreiner7563@mail.weber.edu,Bigender,523-32-7563
945,Leland,Van Ross,lelandvan ross7818@mail.weber.edu,Female,728-16-7818
946,Justinn,McKinnon,justinnmckinnon6525@mail.weber.edu,Female,552-21-6525
947,Archaimbaud,Latek,archaimbaudlatek4515@mail.weber.edu,Male,229-75-4515
948,Maible,Pilsworth,maiblepilsworth5267@mail.weber.edu,Female,263-97-5267
949,Alejoa,Nealy,alejoanealy6696@mail.weber.edu,Male,678-64-6696
950,Melamie,Blodgett,melamieblodgett5435@mail.weber.edu,Female,501-55-5435
951,Chester,Barcroft,chesterbarcroft2394@mail.weber.edu,Male,412-74-2394
952,Ellary,Tyreman,ellarytyreman6204@mail.weber.edu,Male,190-63-6204
953,Chad,Inglish,chadinglish8798@mail.weber.edu,Female,596-45-8798
954,Jessamine,Cowlishaw,jessaminecowlishaw7162@mail.weber.edu,Female,692-35-7162
955,Murial,Wiley,murialwiley6308@mail.weber.edu,Female,585-46-6308
956,Theodore,Gason,theodoregason2320@mail.weber.edu,Male,135-74-2320
957,Krishnah,Sollars,krishnahsollars6894@mail.weber.edu,,832-88-6894
958,Juditha,Klewi,judithaklewi3607@mail.weber.edu,Female,208-02-3607
959,Honor,Sclater,honorsclater3635@mail.weber.edu,Female,518-95-3635
960,Cassie,Pittham,cassiepittham6384@mail.weber.edu,Male,175-67-6384
961,Tybie,Lathe,tybielathe9985@mail.weber.edu,Female,310-79-9985
962,Shandeigh,Edlyne,shandeighedlyne1900@mail.weber.edu,,328-73-1900
963,Ginger,Bourdel,gingerbourdel8216@mail.weber.edu,Female,262-55-8216
964,Brewer,Timblett,brewertimblett5720@mail.weber.edu,Male,363-61-5720
965,Del,Easter,deleaster1686@mail.weber.edu,Male,327-96-1686
966,Gun,Hosier,gunhosier4679@mail.weber.edu,Agender,140-84-4679
967,Gannie,Matteacci,ganniematteacci7484@mail.weber.edu,Male,142-30-7484
968,Eduino,Trunchion,eduinotrunchion2416@mail.weber.edu,Male,641-01-2416
969,Umberto,Keller,umbertokeller8370@mail.weber.edu,,103-03-8370
970,Boothe,Hadlow,boothehadlow9897@mail.weber.edu,Male,213-25-9897
971,Norbie,Gronno,norbiegronno2170@mail.weber.edu,Male,824-92-2170
972,Krissy,Garrood,krissygarrood9193@mail.weber.edu,Female,657-93-9193
973,Jareb,Shimwall,jarebshimwall3586@mail.weber.edu,Male,146-51-3586
974,Maitilde,Lillicrap,maitildelillicrap6857@mail.weber.edu,Female,349-13-6857
975,Edythe,McIlraith,edythemcilraith1496@mail.weber.edu,Female,608-57-1496
976,Ardelle,Strutley,ardellestrutley3271@mail.weber.edu,Female,766-57-3271
977,Hamlen,Lukasik,hamlenlukasik8661@mail.weber.edu,Male,826-28-8661
978,Nikolai,Mingaye,nikolaimingaye8222@mail.weber.edu,Male,730-97-8222
979,Antons,McBrier,antonsmcbrier9146@mail.weber.edu,Male,118-93-9146
980,Erie,Novelli,erienovelli5539@mail.weber.edu,Male,274-55-5539
981,Tisha,Hugonnet,tishahugonnet2775@mail.weber.edu,Female,574-98-2775
982,Vonnie,Mousby,vonniemousby0239@mail.weber.edu,Female,625-73-0239
983,Eve,Rainger,everainger9161@mail.weber.edu,Female,327-08-9161
984,Krystalle,Milham,krystallemilham5938@mail.weber.edu,Female,257-59-5938
985,Wyatt,Domney,wyattdomney5117@mail.weber.edu,Male,889-30-5117
986,Carlie,Maylor,carliemaylor5702@mail.weber.edu,Male,242-55-5702
987,Lorie,Fellnee,loriefellnee3183@mail.weber.edu,Female,124-41-3183
988,Shauna,Pockey,shaunapockey1263@mail.weber.edu,Female,385-42-1263
989,Simonette,Hawker,simonettehawker5083@mail.weber.edu,Female,209-81-5083
990,Leshia,Parslow,leshiaparslow2955@mail.weber.edu,Female,781-82-2955
991,Kamila,Duffan,kamiladuffan0977@mail.weber.edu,Genderfluid,164-94-0977
992,Leonard,Dollimore,leonarddollimore2180@mail.weber.edu,Male,172-55-2180
993,Albert,Mogie,albertmogie0751@mail.weber.edu,Male,270-96-0751
994,Link,Hugett,linkhugett6481@mail.weber.edu,Genderqueer,698-62-6481
995,Katherina,Spellman,katherinaspellman3580@mail.weber.edu,Female,102-53-3580
996,Sergei,Alvis,sergeialvis2735@mail.weber.edu,Male,314-46-2735
997,Lilas,Conrath,lilasconrath9912@mail.weber.edu,Female,326-81-9912
998,Taber,Goodlad,tabergoodlad8077@mail.weber.edu,Male,339-47-8077
999,Elisha,Poleye,elishapoleye8698@mail.weber.edu,Male,401-68-8698
1000,Whitman,Peile,whitmanpeile1387@mail.weber.edu,Male,161-74-1387
